"Fecha","Último","Apertura","Máximo","Mínimo","Vol.","% var."
"29.12.2023","6.197,77","6.249,47","6.289,65","6.180,56","","-0,83%"
"28.12.2023","6.249,47","6.201,66","6.294,18","6.201,66","","0,77%"
"27.12.2023","6.201,66","6.218,05","6.233,56","6.190,56","","-0,26%"
"26.12.2023","6.218,05","6.153,66","6.233,79","6.153,66","","1,05%"
"22.12.2023","6.153,66","6.107,78","6.156,38","6.100,05","","0,75%"
"21.12.2023","6.107,78","6.073,86","6.109,70","6.044,88","","0,56%"
"20.12.2023","6.073,86","6.060,44","6.095,89","6.057,56","","0,22%"
"19.12.2023","6.060,44","6.051,52","6.099,06","6.037,83","","0,15%"
"18.12.2023","6.051,52","6.138,10","6.191,67","6.051,46","","-1,41%"
"15.12.2023","6.138,10","6.146,59","6.207,37","6.135,08","","-0,14%"
"14.12.2023","6.146,59","6.020,41","6.150,83","6.020,41","","2,10%"
"13.12.2023","6.020,41","5.913,50","6.030,57","5.905,45","","1,81%"
"12.12.2023","5.913,50","5.884,78","5.915,56","5.866,83","","0,49%"
"11.12.2023","5.884,78","5.970,81","5.993,80","5.843,78","","-1,44%"
"07.12.2023","5.970,81","5.920,01","5.971,46","5.910,72","","0,86%"
"06.12.2023","5.920,01","5.905,31","5.943,32","5.898,47","","0,25%"
"05.12.2023","5.905,31","5.823,36","5.905,31","5.807,74","","1,41%"
"04.12.2023","5.823,36","5.886,71","5.888,30","5.823,36","","-1,08%"
"01.12.2023","5.886,71","5.818,51","5.889,28","5.788,56","","1,17%"
"30.11.2023","5.818,51","5.792,78","5.834,68","5.760,23","","0,44%"
"29.11.2023","5.792,78","5.776,56","5.809,98","5.773,34","","0,28%"
"28.11.2023","5.776,56","5.757,42","5.783,63","5.743,32","","0,33%"
"27.11.2023","5.757,42","5.776,74","5.776,74","5.735,09","","-0,33%"
"24.11.2023","5.776,74","5.807,19","5.820,47","5.774,93","","-0,52%"
"23.11.2023","5.807,19","5.800,57","5.816,96","5.770,95","","0,11%"
"22.11.2023","5.800,57","5.790,24","5.806,17","5.770,13","","0,18%"
"21.11.2023","5.790,24","5.841,76","5.842,33","5.776,07","","-0,88%"
"20.11.2023","5.841,76","5.771,10","5.844,21","5.771,10","","1,22%"
"17.11.2023","5.771,10","5.729,71","5.778,80","5.720,95","","0,72%"
"16.11.2023","5.729,71","5.775,38","5.775,88","5.688,68","","-0,79%"
"15.11.2023","5.775,38","5.712,10","5.783,79","5.712,10","","1,11%"
"14.11.2023","5.712,10","5.726,94","5.737,65","5.681,24","","-0,26%"
"13.11.2023","5.726,94","5.618,68","5.726,94","5.607,69","","1,93%"
"10.11.2023","5.618,68","5.630,63","5.647,69","5.609,40","","-0,21%"
"09.11.2023","5.630,63","5.647,95","5.695,36","5.618,67","","-0,31%"
"08.11.2023","5.647,95","5.650,77","5.688,36","5.641,77","","-0,05%"
"07.11.2023","5.650,77","5.575,48","5.656,72","5.569,92","","1,35%"
"06.11.2023","5.575,48","5.620,57","5.661,92","5.559,23","","-0,80%"
"03.11.2023","5.620,57","5.460,65","5.620,71","5.448,88","","2,93%"
"02.11.2023","5.460,65","5.407,50","5.466,83","5.363,16","","0,98%"
"31.10.2023","5.407,50","5.433,36","5.464,82","5.369,95","","-0,48%"
"30.10.2023","5.433,36","5.568,35","5.568,35","5.429,68","","-2,42%"
"26.10.2023","5.568,35","5.515,62","5.594,08","5.503,09","","0,96%"
"25.10.2023","5.515,62","5.557,62","5.575,57","5.489,83","","-0,76%"
"24.10.2023","5.557,62","5.503,33","5.574,47","5.503,33","","0,99%"
"23.10.2023","5.503,33","5.631,33","5.633,35","5.503,33","","-2,27%"
"20.10.2023","5.631,33","5.713,44","5.713,71","5.615,06","","-1,44%"
"19.10.2023","5.713,44","5.796,44","5.796,44","5.712,80","","-1,43%"
"18.10.2023","5.796,44","5.890,74","5.890,74","5.779,70","","-1,60%"
"17.10.2023","5.890,74","5.853,21","5.916,01","5.831,45","","0,64%"
"16.10.2023","5.853,21","5.777,75","5.867,12","5.760,72","","1,31%"
"13.10.2023","5.777,75","5.800,22","5.842,07","5.767,75","","-0,39%"
"12.10.2023","5.800,22","5.780,96","5.846,57","5.780,96","","0,33%"
"11.10.2023","5.780,96","5.781,40","5.838,18","5.767,03","","-0,01%"
"10.10.2023","5.781,40","5.659,29","5.781,92","5.647,30","","2,16%"
"06.10.2023","5.659,29","5.615,83","5.669,38","5.562,47","","0,77%"
"05.10.2023","5.615,83","5.699,33","5.728,72","5.615,83","","-1,47%"
"04.10.2023","5.699,33","5.685,84","5.726,53","5.668,99","","0,24%"
"03.10.2023","5.685,84","5.755,64","5.756,85","5.685,07","","-1,21%"
"02.10.2023","5.755,64","5.833,36","5.853,19","5.748,11","","-1,33%"
"29.09.2023","5.833,36","5.824,68","5.868,68","5.818,68","","0,15%"
"28.09.2023","5.824,68","5.762,70","5.837,24","5.762,60","","1,08%"
"27.09.2023","5.762,70","5.762,58","5.787,43","5.734,70","","0,00%"
"26.09.2023","5.762,58","5.785,84","5.807,55","5.756,01","","-0,40%"
"25.09.2023","5.785,84","5.831,95","5.852,66","5.775,40","","-0,79%"
"22.09.2023","5.831,95","5.857,72","5.888,57","5.823,28","","-0,44%"
"21.09.2023","5.857,72","5.932,83","5.935,57","5.856,36","","-1,27%"
"20.09.2023","5.932,83","6.002,67","6.002,67","5.932,83","","-1,16%"
"15.09.2023","6.002,67","6.002,07","6.058,88","6.002,07","","0,01%"
"14.09.2023","6.002,07","5.915,52","6.002,07","5.915,52","","1,46%"
"13.09.2023","5.915,52","5.886,42","5.949,22","5.880,14","","0,49%"
"12.09.2023","5.886,42","5.879,15","5.909,28","5.879,15","","0,12%"
"11.09.2023","5.879,15","5.868,85","5.893,87","5.865,64","","0,18%"
"08.09.2023","5.868,85","5.885,52","5.904,46","5.868,47","","-0,28%"
"07.09.2023","5.885,52","5.905,74","5.932,43","5.870,03","","-0,34%"
"06.09.2023","5.905,74","5.927,93","5.937,37","5.899,31","","-0,37%"
"05.09.2023","5.927,93","5.990,24","6.001,45","5.924,51","","-1,04%"
"04.09.2023","5.990,24","5.996,36","6.020,26","5.976,23","","-0,10%"
"01.09.2023","5.996,36","6.009,28","6.057,69","5.985,69","","-0,21%"
"31.08.2023","6.009,28","6.028,19","6.049,00","6.009,28","","-0,31%"
"30.08.2023","6.028,19","6.059,65","6.062,77","6.028,19","","-0,52%"
"29.08.2023","6.059,65","6.030,15","6.059,65","6.016,14","","0,49%"
"28.08.2023","6.030,15","6.046,62","6.081,31","6.025,25","","-0,27%"
"25.08.2023","6.046,62","6.067,74","6.081,80","6.030,83","","-0,35%"
"24.08.2023","6.067,74","6.189,92","6.207,94","6.066,71","","-1,97%"
"23.08.2023","6.189,92","6.158,74","6.232,21","6.141,79","","0,51%"
"22.08.2023","6.158,74","6.122,92","6.165,66","6.119,96","","0,59%"
"21.08.2023","6.122,92","6.133,26","6.167,19","6.095,34","","-0,17%"
"18.08.2023","6.133,26","6.131,50","6.133,36","6.040,46","","0,03%"
"17.08.2023","6.131,50","6.213,18","6.213,18","6.129,35","","-1,31%"
"16.08.2023","6.213,18","6.216,27","6.216,27","6.162,69","","-0,05%"
"14.08.2023","6.216,27","6.257,44","6.257,44","6.201,44","","-0,66%"
"11.08.2023","6.257,44","6.290,34","6.290,34","6.249,11","","-0,52%"
"10.08.2023","6.290,34","6.341,36","6.357,20","6.279,50","","-0,80%"
"09.08.2023","6.341,36","6.241,32","6.342,02","6.241,32","","1,60%"
"08.08.2023","6.241,32","6.318,35","6.320,16","6.240,43","","-1,22%"
"07.08.2023","6.318,35","6.292,64","6.318,78","6.273,33","","0,41%"
"04.08.2023","6.292,64","6.272,29","6.341,08","6.272,29","","0,32%"
"03.08.2023","6.272,29","6.332,10","6.360,26","6.272,29","","-0,94%"
"02.08.2023","6.332,10","6.432,76","6.432,76","6.318,27","","-1,56%"
"01.08.2023","6.432,76","6.394,40","6.432,76","6.387,26","","0,60%"
"31.07.2023","6.394,40","6.339,04","6.430,87","6.339,04","","0,87%"
"28.07.2023","6.339,04","6.318,63","6.374,06","6.316,09","","0,32%"
"27.07.2023","6.318,63","6.379,42","6.389,96","6.316,48","","-0,95%"
"26.07.2023","6.379,42","6.411,43","6.411,43","6.369,65","","-0,50%"
"25.07.2023","6.411,38","6.351,09","6.449,20","6.351,09","","0,95%"
"24.07.2023","6.351,09","6.300,91","6.374,83","6.266,71","","0,80%"
"21.07.2023","6.300,91","6.322,92","6.322,92","6.281,45","","-0,35%"
"20.07.2023","6.322,92","6.320,48","6.324,43","6.251,77","","0,04%"
"19.07.2023","6.320,48","6.286,50","6.320,61","6.243,83","","0,54%"
"18.07.2023","6.286,50","6.197,19","6.286,50","6.178,46","","1,44%"
"17.07.2023","6.197,19","6.130,68","6.197,83","6.105,28","","1,08%"
"14.07.2023","6.130,68","6.061,93","6.130,68","6.054,72","","1,13%"
"13.07.2023","6.061,93","6.078,57","6.112,80","6.058,16","","-0,27%"
"12.07.2023","6.078,57","5.995,47","6.078,57","5.995,47","","1,39%"
"11.07.2023","5.995,47","5.951,95","5.999,48","5.951,95","","0,73%"
"10.07.2023","5.951,95","5.942,20","5.974,07","5.930,46","","0,16%"
"07.07.2023","5.942,20","5.792,17","5.942,20","5.792,17","","2,59%"
"06.07.2023","5.792,17","5.835,13","5.836,09","5.770,61","","-0,74%"
"05.07.2023","5.835,13","5.894,34","5.894,34","5.834,82","","-1,00%"
"04.07.2023","5.894,34","5.853,80","5.903,32","5.852,88","","0,69%"
"03.07.2023","5.853,80","5.786,80","5.854,56","5.786,80","","1,16%"
"30.06.2023","5.786,80","5.728,31","5.787,65","5.728,31","","1,02%"
"29.06.2023","5.728,31","5.656,99","5.729,22","5.656,99","","1,26%"
"28.06.2023","5.656,99","5.658,86","5.723,05","5.620,44","","-0,03%"
"27.06.2023","5.658,86","5.679,56","5.722,24","5.658,86","","-0,36%"
"23.06.2023","5.679,56","5.763,30","5.763,30","5.679,56","","-1,45%"
"22.06.2023","5.763,30","5.783,11","5.783,67","5.738,20","","-0,34%"
"20.06.2023","5.783,11","5.754,24","5.783,33","5.700,67","","0,50%"
"19.06.2023","5.754,24","5.739,90","5.755,93","5.735,00","","0,25%"
"16.06.2023","5.739,90","5.741,71","5.758,83","5.736,88","","-0,03%"
"15.06.2023","5.741,71","5.716,29","5.746,82","5.710,60","","0,44%"
"14.06.2023","5.716,29","5.712,24","5.723,56","5.696,24","","0,07%"
"13.06.2023","5.712,24","5.693,17","5.725,35","5.693,17","","0,34%"
"12.06.2023","5.693,16","5.690,94","5.711,28","5.675,87","","0,04%"
"09.06.2023","5.690,94","5.672,71","5.694,74","5.666,10","","0,32%"
"08.06.2023","5.672,68","5.679,29","5.696,43","5.661,94","","-0,12%"
"07.06.2023","5.679,29","5.714,32","5.735,43","5.679,28","","-0,61%"
"06.06.2023","5.714,32","5.654,45","5.714,70","5.649,88","","1,06%"
"05.06.2023","5.654,45","5.653,81","5.668,44","5.618,56","","0,01%"
"02.06.2023","5.653,81","5.520,74","5.656,09","5.520,74","","2,41%"
"01.06.2023","5.520,74","5.471,54","5.528,46","5.471,05","","0,90%"
"31.05.2023","5.471,54","5.592,85","5.593,96","5.471,54","","-2,17%"
"30.05.2023","5.592,85","5.598,83","5.634,94","5.592,85","","-0,11%"
"29.05.2023","5.598,83","5.609,45","5.643,38","5.598,41","","-0,19%"
"26.05.2023","5.609,45","5.620,21","5.646,70","5.604,26","","-0,19%"
"25.05.2023","5.620,21","5.643,30","5.674,57","5.620,21","","-0,41%"
"24.05.2023","5.643,30","5.685,30","5.685,30","5.587,64","","-0,74%"
"23.05.2023","5.685,30","5.691,50","5.751,74","5.685,30","","-0,11%"
"22.05.2023","5.691,50","5.653,60","5.771,40","5.653,60","","0,67%"
"19.05.2023","5.653,60","5.640,66","5.655,47","5.608,31","","0,23%"
"18.05.2023","5.640,66","5.605,36","5.644,08","5.585,75","","0,63%"
"17.05.2023","5.605,36","5.619,06","5.620,14","5.587,20","","-0,24%"
"16.05.2023","5.619,06","5.598,21","5.630,75","5.592,43","","0,37%"
"15.05.2023","5.598,21","5.596,49","5.633,18","5.596,49","","0,03%"
"12.05.2023","5.596,49","5.600,00","5.610,96","5.583,33","","-0,06%"
"11.05.2023","5.600,00","5.569,61","5.621,38","5.569,61","","0,55%"
"10.05.2023","5.569,61","5.550,89","5.571,76","5.539,52","","0,34%"
"09.05.2023","5.550,89","5.608,49","5.613,72","5.546,82","","-1,03%"
"08.05.2023","5.608,49","5.480,42","5.631,90","5.480,42","","2,34%"
"05.05.2023","5.480,42","5.376,42","5.481,94","5.376,42","","1,93%"
"04.05.2023","5.376,42","5.372,58","5.383,36","5.332,75","","0,07%"
"03.05.2023","5.372,58","5.369,34","5.394,38","5.350,32","","0,06%"
"02.05.2023","5.369,34","5.416,09","5.416,09","5.316,50","","-0,84%"
"28.04.2023","5.414,68","5.410,22","5.428,47","5.393,07","","0,08%"
"27.04.2023","5.410,22","5.325,59","5.411,13","5.319,21","","1,59%"
"26.04.2023","5.325,59","5.299,58","5.328,80","5.282,24","","0,49%"
"25.04.2023","5.299,58","5.296,78","5.318,12","5.270,82","","0,05%"
"24.04.2023","5.296,78","5.226,93","5.310,98","5.226,93","","1,34%"
"21.04.2023","5.226,93","5.397,59","5.424,18","5.146,91","","-3,16%"
"20.04.2023","5.397,59","5.423,49","5.433,61","5.387,08","","-0,48%"
"19.04.2023","5.423,49","5.474,62","5.474,62","5.419,07","","-0,93%"
"18.04.2023","5.474,62","5.469,94","5.492,36","5.458,96","","0,09%"
"17.04.2023","5.469,94","5.417,18","5.474,76","5.417,18","","0,97%"
"14.04.2023","5.417,18","5.365,12","5.423,43","5.365,12","","1,43%"
"13.04.2023","5.341,03","5.353,09","5.357,60","5.334,51","","-0,23%"
"12.04.2023","5.353,09","5.306,88","5.363,56","5.306,88","","0,87%"
"11.04.2023","5.306,88","5.281,48","5.313,40","5.281,48","","0,48%"
"10.04.2023","5.281,48","5.274,20","5.310,40","5.261,27","","0,14%"
"06.04.2023","5.274,20","5.236,22","5.276,86","5.226,49","","0,73%"
"05.04.2023","5.236,22","5.228,00","5.238,63","5.199,35","","0,16%"
"04.04.2023","5.228,00","5.309,00","5.309,78","5.226,09","","-1,53%"
"03.04.2023","5.309,00","5.324,62","5.339,99","5.295,71","","-0,29%"
"31.03.2023","5.324,62","5.309,20","5.345,25","5.301,90","","0,29%"
"30.03.2023","5.309,20","5.313,76","5.333,81","5.298,84","","-0,09%"
"29.03.2023","5.313,76","5.244,75","5.313,76","5.244,75","","1,32%"
"28.03.2023","5.244,75","5.258,08","5.289,84","5.244,64","","-0,25%"
"27.03.2023","5.258,08","5.248,86","5.286,81","5.248,86","","0,18%"
"24.03.2023","5.248,86","5.275,37","5.275,37","5.217,08","","-0,50%"
"23.03.2023","5.275,37","5.271,18","5.313,98","5.261,93","","0,08%"
"22.03.2023","5.271,18","5.299,17","5.324,37","5.265,36","","-0,53%"
"21.03.2023","5.299,17","5.170,09","5.302,18","5.170,09","","2,50%"
"20.03.2023","5.170,09","5.112,03","5.191,66","5.096,85","","1,14%"
"17.03.2023","5.112,03","5.198,35","5.225,28","5.112,03","","-1,64%"
"16.03.2023","5.197,37","5.196,61","5.227,27","5.145,53","","0,01%"
"15.03.2023","5.196,61","5.298,78","5.298,78","5.182,75","","-1,93%"
"14.03.2023","5.298,78","5.337,04","5.360,50","5.288,67","","-0,72%"
"13.03.2023","5.337,04","5.393,72","5.393,72","5.308,73","","-1,05%"
"10.03.2023","5.393,72","5.410,59","5.424,46","5.366,42","","-0,31%"
"09.03.2023","5.410,59","5.416,39","5.459,91","5.409,47","","-0,11%"
"08.03.2023","5.416,39","5.403,44","5.421,80","5.391,36","","0,24%"
"07.03.2023","5.403,44","5.427,52","5.432,97","5.359,73","","-0,44%"
"06.03.2023","5.427,52","5.439,46","5.449,87","5.413,68","","-0,22%"
"03.03.2023","5.439,46","5.407,24","5.477,74","5.407,24","","0,60%"
"02.03.2023","5.407,24","5.375,37","5.407,54","5.327,83","","0,59%"
"01.03.2023","5.375,37","5.394,90","5.413,37","5.357,90","","-0,36%"
"28.02.2023","5.394,90","5.357,10","5.396,39","5.355,43","","0,71%"
"27.02.2023","5.357,10","5.331,57","5.379,87","5.328,86","","0,48%"
"24.02.2023","5.331,57","5.312,79","5.337,71","5.304,12","","0,35%"
"23.02.2023","5.312,79","5.258,46","5.330,71","5.258,46","","1,03%"
"22.02.2023","5.258,46","5.261,37","5.297,81","5.248,68","","-0,06%"
"21.02.2023","5.261,37","5.330,76","5.347,59","5.260,39","","-1,30%"
"20.02.2023","5.330,76","5.328,96","5.356,56","5.325,29","","0,03%"
"17.02.2023","5.328,96","5.451,45","5.451,45","5.325,81","","-2,25%"
"16.02.2023","5.451,45","5.404,30","5.451,45","5.396,33","","0,87%"
"15.02.2023","5.404,30","5.332,43","5.404,92","5.329,07","","1,35%"
"14.02.2023","5.332,43","5.366,18","5.382,68","5.332,43","","-0,63%"
"13.02.2023","5.366,18","5.392,45","5.406,39","5.352,62","","-0,49%"
"10.02.2023","5.392,45","5.356,92","5.392,45","5.337,79","","0,66%"
"09.02.2023","5.356,92","5.328,83","5.375,31","5.328,83","","0,53%"
"08.02.2023","5.328,83","5.271,27","5.328,83","5.271,27","","1,09%"
"07.02.2023","5.271,27","5.285,62","5.300,67","5.264,83","","-0,27%"
"06.02.2023","5.285,62","5.314,29","5.327,42","5.279,25","","-0,54%"
"03.02.2023","5.314,29","5.313,52","5.341,43","5.282,15","","0,01%"
"02.02.2023","5.313,52","5.308,17","5.339,53","5.302,66","","0,10%"
"01.02.2023","5.308,17","5.322,39","5.343,64","5.302,17","","-0,27%"
"31.01.2023","5.322,39","5.337,95","5.346,92","5.316,53","","-0,29%"
"30.01.2023","5.337,95","5.351,34","5.369,35","5.322,71","","-0,25%"
"27.01.2023","5.351,34","5.333,69","5.358,02","5.328,59","","0,33%"
"26.01.2023","5.333,69","5.258,96","5.334,03","5.258,96","","1,43%"
"25.01.2023","5.258,36","5.256,63","5.265,77","5.243,97","","0,03%"
"24.01.2023","5.256,63","5.311,84","5.315,09","5.256,53","","-1,04%"
"23.01.2023","5.311,84","5.235,97","5.326,56","5.235,97","","1,45%"
"20.01.2023","5.235,97","5.207,83","5.260,21","5.207,83","","0,54%"
"19.01.2023","5.207,83","5.229,55","5.229,55","5.180,25","","-0,42%"
"18.01.2023","5.229,55","5.176,10","5.230,46","5.155,63","","1,03%"
"17.01.2023","5.176,10","5.156,11","5.178,84","5.148,59","","0,39%"
"16.01.2023","5.156,11","5.156,65","5.163,64","5.121,53","","-0,01%"
"13.01.2023","5.156,65","5.201,83","5.207,27","5.146,65","","-0,87%"
"12.01.2023","5.201,83","5.180,43","5.219,44","5.165,00","","0,41%"
"11.01.2023","5.180,43","5.144,37","5.204,56","5.131,77","","0,70%"
"10.01.2023","5.144,37","5.159,91","5.166,02","5.105,41","","-0,30%"
"09.01.2023","5.159,91","5.136,69","5.169,76","5.128,86","","0,45%"
"06.01.2023","5.136,69","5.124,20","5.140,56","5.104,43","","0,24%"
"05.01.2023","5.124,20","5.091,47","5.124,20","5.071,69","","0,64%"
"04.01.2023","5.091,47","5.136,53","5.148,18","5.073,25","","-0,88%"
"03.01.2023","5.136,53","5.261,91","5.268,26","5.132,92","","-2,39%"
"30.12.2022","5.262,43","5.249,37","5.262,84","5.222,65","","0,25%"
"29.12.2022","5.249,37","5.215,42","5.249,37","5.214,82","","0,65%"
"28.12.2022","5.215,42","5.197,25","5.228,34","5.173,56","","0,35%"
"27.12.2022","5.197,25","5.222,44","5.241,24","5.194,67","","-0,48%"
"26.12.2022","5.222,44","5.256,91","5.266,29","5.211,60","","-0,63%"
"23.12.2022","5.255,38","5.222,23","5.264,69","5.222,23","","0,63%"
"22.12.2022","5.222,23","5.269,70","5.274,16","5.200,40","","-0,90%"
"21.12.2022","5.269,70","5.287,93","5.327,04","5.256,79","","-0,34%"
"20.12.2022","5.287,93","5.206,95","5.312,16","5.187,50","","1,56%"
"19.12.2022","5.206,95","5.161,25","5.206,95","5.155,45","","0,89%"
"16.12.2022","5.161,25","5.132,77","5.161,25","5.108,87","","0,55%"
"15.12.2022","5.132,77","5.206,46","5.206,46","5.122,89","","-1,42%"
"14.12.2022","5.206,46","5.226,76","5.228,60","5.190,82","","-0,39%"
"13.12.2022","5.226,76","5.257,07","5.291,32","5.226,76","","-0,58%"
"12.12.2022","5.257,07","5.192,68","5.260,03","5.183,66","","1,24%"
"09.12.2022","5.192,68","5.202,85","5.214,75","5.156,05","","-0,20%"
"07.12.2022","5.202,85","5.239,16","5.247,47","5.194,77","","-0,69%"
"06.12.2022","5.239,16","5.274,19","5.292,48","5.214,38","","-0,66%"
"05.12.2022","5.274,19","5.290,76","5.301,01","5.267,01","","-0,31%"
"02.12.2022","5.290,76","5.274,68","5.310,15","5.233,06","","0,30%"
"01.12.2022","5.274,68","5.282,61","5.291,94","5.249,29","","-0,15%"
"30.11.2022","5.282,61","5.244,86","5.282,61","5.211,41","","0,72%"
"29.11.2022","5.244,86","5.207,64","5.249,43","5.198,00","","0,71%"
"28.11.2022","5.207,64","5.249,57","5.255,04","5.199,45","","-0,80%"
"25.11.2022","5.249,57","5.273,72","5.273,72","5.221,59","","-0,46%"
"24.11.2022","5.273,72","5.260,91","5.303,59","5.260,91","","0,24%"
"23.11.2022","5.260,91","5.294,78","5.303,69","5.257,51","","-0,64%"
"22.11.2022","5.294,78","5.312,69","5.327,99","5.252,95","","-0,34%"
"21.11.2022","5.312,69","5.196,92","5.328,24","5.196,92","","2,23%"
"18.11.2022","5.196,92","5.172,31","5.201,06","5.148,92","","0,48%"
"17.11.2022","5.172,31","5.230,45","5.263,67","5.168,80","","-1,11%"
"16.11.2022","5.230,45","5.239,13","5.252,30","5.200,85","","-0,17%"
"15.11.2022","5.239,13","5.302,44","5.302,44","5.218,71","","-1,19%"
"14.11.2022","5.302,44","5.350,79","5.378,52","5.281,41","","-0,90%"
"11.11.2022","5.350,79","5.339,54","5.368,82","5.334,72","","0,21%"
"10.11.2022","5.339,54","5.350,36","5.421,27","5.311,11","","-0,20%"
"09.11.2022","5.350,36","5.406,12","5.406,12","5.315,98","","-1,03%"
"08.11.2022","5.406,12","5.289,55","5.406,12","5.289,55","","2,20%"
"07.11.2022","5.289,55","5.220,04","5.290,16","5.212,16","","1,33%"
"04.11.2022","5.220,04","5.180,30","5.223,90","5.180,30","","0,77%"
"03.11.2022","5.180,30","5.194,66","5.199,53","5.114,99","","-0,28%"
"02.11.2022","5.194,66","5.193,81","5.219,66","5.171,52","","0,02%"
"28.10.2022","5.193,81","5.187,41","5.196,99","5.120,17","","0,12%"
"27.10.2022","5.187,41","5.151,34","5.196,62","5.142,35","","0,70%"
"26.10.2022","5.151,34","5.164,31","5.164,67","5.117,02","","-0,25%"
"25.10.2022","5.164,31","5.108,17","5.164,31","5.094,97","","1,10%"
"24.10.2022","5.108,17","5.147,37","5.182,32","5.101,63","","-0,76%"
"21.10.2022","5.147,37","5.139,35","5.153,26","5.082,43","","0,16%"
"20.10.2022","5.139,35","5.087,69","5.139,63","5.069,78","","1,02%"
"19.10.2022","5.087,69","5.122,85","5.127,82","5.075,20","","-0,69%"
"18.10.2022","5.122,85","5.103,06","5.170,97","5.081,46","","0,39%"
"17.10.2022","5.103,06","4.972,39","5.106,17","4.972,39","","2,63%"
"14.10.2022","4.972,39","4.961,09","5.028,88","4.961,09","","0,23%"
"13.10.2022","4.961,09","4.936,57","4.984,46","4.870,68","","0,50%"
"12.10.2022","4.936,57","4.988,80","5.011,21","4.905,19","","-1,05%"
"11.10.2022","4.988,80","5.079,68","5.089,19","4.961,49","","-1,79%"
"07.10.2022","5.079,68","5.183,55","5.184,76","5.079,45","","-2,00%"
"06.10.2022","5.183,55","5.192,25","5.210,54","5.168,00","","-0,17%"
"05.10.2022","5.192,25","5.248,87","5.248,87","5.172,81","","-1,08%"
"04.10.2022","5.248,87","5.143,23","5.268,76","5.143,23","","2,05%"
"03.10.2022","5.143,23","5.114,19","5.153,41","5.108,91","","0,57%"
"30.09.2022","5.114,19","5.035,38","5.157,70","5.035,38","","1,57%"
"29.09.2022","5.035,38","5.100,24","5.109,40","5.024,98","","-1,27%"
"28.09.2022","5.100,24","5.180,64","5.191,90","5.099,70","","-1,55%"
"27.09.2022","5.180,64","5.178,75","5.222,29","5.140,17","","0,04%"
"26.09.2022","5.178,75","5.207,22","5.249,16","5.176,10","","-0,55%"
"23.09.2022","5.207,22","5.303,06","5.303,06","5.207,09","","-1,81%"
"22.09.2022","5.303,06","5.369,33","5.370,19","5.294,71","","-1,23%"
"21.09.2022","5.369,33","5.340,97","5.401,64","5.334,24","","0,54%"
"20.09.2022","5.340,29","5.522,92","5.549,84","5.340,29","","-3,31%"
"15.09.2022","5.522,92","5.609,33","5.632,79","5.498,72","","-1,54%"
"14.09.2022","5.609,33","5.580,67","5.660,64","5.567,96","","0,51%"
"13.09.2022","5.580,67","5.596,26","5.629,68","5.527,69","","-0,28%"
"12.09.2022","5.596,26","5.612,07","5.647,99","5.578,31","","-0,28%"
"09.09.2022","5.612,03","5.516,80","5.616,99","5.516,80","","1,75%"
"08.09.2022","5.515,58","5.540,82","5.584,67","5.515,58","","-0,45%"
"07.09.2022","5.540,62","5.608,08","5.608,08","5.514,90","","-1,20%"
"06.09.2022","5.607,74","5.779,25","5.842,38","5.587,53","","-2,90%"
"05.09.2022","5.775,25","5.653,20","6.013,31","5.653,20","","2,16%"
"02.09.2022","5.653,20","5.408,05","5.708,68","5.227,82","","4,53%"
"01.09.2022","5.408,05","5.441,26","5.455,21","5.380,19","","-0,61%"
"31.08.2022","5.441,26","5.536,39","5.549,94","5.440,79","","-1,72%"
"30.08.2022","5.536,39","5.517,11","5.545,71","5.479,61","","0,35%"
"29.08.2022","5.517,11","5.461,80","5.517,32","5.421,80","","1,01%"
"26.08.2022","5.461,80","5.460,61","5.479,18","5.440,73","","0,02%"
"25.08.2022","5.460,61","5.418,17","5.465,83","5.417,39","","0,78%"
"24.08.2022","5.418,17","5.377,52","5.426,42","5.375,00","","0,76%"
"23.08.2022","5.377,52","5.340,49","5.388,47","5.335,79","","0,69%"
"22.08.2022","5.340,49","5.292,84","5.354,79","5.257,92","","0,90%"
"19.08.2022","5.292,84","5.345,53","5.353,89","5.265,31","","-0,99%"
"18.08.2022","5.345,53","5.405,31","5.405,31","5.322,12","","-1,11%"
"17.08.2022","5.405,31","5.386,81","5.416,74","5.353,37","","0,34%"
"16.08.2022","5.386,81","5.394,91","5.445,34","5.339,35","","-0,15%"
"12.08.2022","5.394,91","5.325,90","5.406,32","5.322,97","","1,30%"
"11.08.2022","5.325,90","5.272,93","5.325,90","5.260,33","","1,00%"
"10.08.2022","5.272,93","5.236,34","5.286,93","5.236,34","","0,70%"
"09.08.2022","5.236,34","5.260,34","5.260,34","5.215,81","","-0,46%"
"08.08.2022","5.260,34","5.212,40","5.271,33","5.212,40","","0,92%"
"05.08.2022","5.212,40","5.174,64","5.212,40","5.131,05","","0,73%"
"04.08.2022","5.174,64","5.206,05","5.222,06","5.154,00","","-0,60%"
"03.08.2022","5.206,05","5.248,53","5.269,32","5.181,83","","-0,81%"
"02.08.2022","5.248,53","5.258,39","5.261,32","5.219,63","","-0,19%"
"01.08.2022","5.258,39","5.259,05","5.272,84","5.229,79","","-0,01%"
"29.07.2022","5.259,05","5.259,39","5.287,30","5.243,19","","-0,01%"
"28.07.2022","5.259,39","5.251,32","5.286,88","5.242,09","","0,15%"
"27.07.2022","5.251,32","5.200,13","5.251,39","5.189,10","","0,98%"
"26.07.2022","5.200,13","5.236,33","5.238,16","5.183,07","","-0,69%"
"25.07.2022","5.236,33","5.220,33","5.237,57","5.186,73","","0,31%"
"22.07.2022","5.220,33","5.204,45","5.237,57","5.189,38","","0,31%"
"21.07.2022","5.204,45","5.147,00","5.205,13","5.121,90","","1,12%"
"20.07.2022","5.147,00","5.160,19","5.172,07","5.112,96","","-0,26%"
"19.07.2022","5.160,19","5.081,74","5.160,19","5.069,56","","1,54%"
"18.07.2022","5.081,74","5.091,73","5.140,46","5.071,34","","-0,20%"
"15.07.2022","5.091,73","5.136,05","5.137,91","5.057,68","","-0,86%"
"14.07.2022","5.136,05","5.117,81","5.136,05","5.053,80","","0,36%"
"13.07.2022","5.117,81","5.074,26","5.132,99","5.046,32","","0,86%"
"12.07.2022","5.074,26","5.058,45","5.078,93","5.017,52","","0,31%"
"11.07.2022","5.058,45","5.112,78","5.125,83","5.058,45","","-1,06%"
"08.07.2022","5.112,78","5.101,42","5.118,55","5.074,10","","0,22%"
"07.07.2022","5.101,42","5.006,95","5.105,43","5.006,95","","1,89%"
"06.07.2022","5.006,95","5.003,81","5.043,90","4.979,53","","0,06%"
"05.07.2022","5.003,81","4.989,07","5.008,45","4.935,71","","0,30%"
"04.07.2022","4.989,07","4.993,37","5.001,66","4.968,86","","-0,09%"
"01.07.2022","4.993,37","4.950,39","5.007,01","4.950,39","","0,87%"
"30.06.2022","4.950,39","5.009,63","5.011,64","4.950,39","","-1,18%"
"29.06.2022","5.009,63","5.004,48","5.019,62","4.978,02","","0,10%"
"28.06.2022","5.004,48","4.983,66","5.083,12","4.937,76","","0,42%"
"24.06.2022","4.983,66","4.934,81","5.017,97","4.934,81","","0,99%"
"23.06.2022","4.934,81","5.056,37","5.095,51","4.924,04","","-2,40%"
"22.06.2022","5.056,37","5.084,37","5.102,37","5.056,37","","-0,55%"
"20.06.2022","5.084,37","5.067,06","5.098,48","5.051,96","","0,34%"
"17.06.2022","5.067,06","5.029,48","5.107,83","4.998,08","","0,75%"
"16.06.2022","5.029,48","5.139,41","5.139,41","4.991,55","","-2,14%"
"15.06.2022","5.139,41","5.121,40","5.152,48","5.103,65","","0,35%"
"14.06.2022","5.121,40","5.131,30","5.165,80","5.114,27","","-0,19%"
"13.06.2022","5.131,30","5.237,85","5.237,85","5.098,85","","-2,03%"
"10.06.2022","5.237,85","5.184,27","5.238,71","5.136,49","","1,03%"
"09.06.2022","5.184,27","5.277,00","5.279,33","5.184,27","","-1,76%"
"08.06.2022","5.277,00","5.358,95","5.358,95","5.262,44","","-1,53%"
"07.06.2022","5.358,95","5.332,59","5.367,98","5.313,67","","0,49%"
"06.06.2022","5.332,59","5.352,44","5.393,33","5.317,70","","-0,37%"
"03.06.2022","5.352,44","5.353,13","5.357,31","5.318,48","","-0,01%"
"02.06.2022","5.353,13","5.299,11","5.366,81","5.275,70","","1,02%"
"01.06.2022","5.299,11","5.350,48","5.352,79","5.230,87","","-0,96%"
"31.05.2022","5.350,48","5.385,70","5.388,87","5.262,91","","-0,65%"
"30.05.2022","5.385,70","5.387,06","5.432,56","5.377,25","","-0,03%"
"27.05.2022","5.387,06","5.268,96","5.388,10","5.266,93","","2,24%"
"26.05.2022","5.268,96","5.191,05","5.279,52","5.191,05","","1,50%"
"25.05.2022","5.191,05","5.142,75","5.192,98","5.142,75","","0,94%"
"24.05.2022","5.142,75","5.127,52","5.157,59","5.096,91","","0,30%"
"23.05.2022","5.127,52","4.982,95","5.132,38","4.982,95","","2,90%"
"20.05.2022","4.982,95","4.982,10","5.039,65","4.931,51","","0,02%"
"19.05.2022","4.982,10","4.964,76","5.015,36","4.962,54","","0,35%"
"18.05.2022","4.964,76","5.023,24","5.059,23","4.964,35","","-1,16%"
"17.05.2022","5.023,24","4.868,58","5.023,36","4.868,58","","3,18%"
"16.05.2022","4.868,58","4.850,44","4.927,29","4.850,44","","0,37%"
"13.05.2022","4.850,44","4.713,77","4.875,46","4.713,77","","2,90%"
"12.05.2022","4.713,77","4.676,93","4.745,05","4.650,47","","0,79%"
"11.05.2022","4.676,93","4.697,16","4.755,85","4.676,39","","-0,43%"
"10.05.2022","4.697,16","4.744,18","4.792,61","4.673,96","","-0,99%"
"09.05.2022","4.744,18","4.838,54","4.850,41","4.744,03","","-1,95%"
"06.05.2022","4.838,54","4.853,79","4.861,03","4.808,68","","-0,31%"
"05.05.2022","4.853,79","4.887,57","4.928,83","4.852,05","","-0,69%"
"04.05.2022","4.887,57","4.785,63","4.899,39","4.785,63","","2,13%"
"03.05.2022","4.785,63","4.759,90","4.790,37","4.739,38","","0,54%"
"02.05.2022","4.759,90","4.778,43","4.796,54","4.709,44","","-0,39%"
"29.04.2022","4.778,43","4.792,66","4.844,77","4.778,41","","-0,30%"
"28.04.2022","4.792,66","4.775,36","4.818,16","4.748,27","","0,36%"
"27.04.2022","4.775,36","4.701,47","4.789,06","4.701,47","","1,57%"
"26.04.2022","4.701,47","4.759,15","4.786,71","4.701,47","","-1,21%"
"25.04.2022","4.759,15","4.867,88","4.908,59","4.737,49","","-2,23%"
"22.04.2022","4.867,88","4.911,90","4.916,64","4.867,88","","-0,90%"
"21.04.2022","4.911,90","4.974,76","4.989,31","4.872,76","","-1,26%"
"20.04.2022","4.974,76","4.911,77","4.974,76","4.904,38","","1,28%"
"19.04.2022","4.911,77","4.867,64","4.938,85","4.867,64","","0,91%"
"18.04.2022","4.867,64","4.917,30","4.933,09","4.865,75","","-1,01%"
"14.04.2022","4.917,30","4.921,46","4.942,94","4.915,03","","-0,08%"
"13.04.2022","4.921,46","4.909,04","4.950,67","4.908,69","","0,25%"
"12.04.2022","4.909,04","4.918,79","4.939,85","4.862,63","","-0,20%"
"11.04.2022","4.918,79","4.969,25","4.969,25","4.869,48","","-1,02%"
"08.04.2022","4.969,25","4.965,32","4.997,07","4.947,58","","0,08%"
"07.04.2022","4.965,32","4.971,94","4.989,78","4.945,47","","-0,13%"
"06.04.2022","4.971,94","4.929,10","4.971,94","4.891,22","","0,87%"
"05.04.2022","4.929,10","4.992,29","4.993,95","4.921,75","","-1,27%"
"04.04.2022","4.992,29","4.978,49","5.011,08","4.953,64","","0,28%"
"01.04.2022","4.978,49","4.936,97","4.995,31","4.936,73","","0,84%"
"31.03.2022","4.936,97","4.894,98","4.941,51","4.874,70","","0,86%"
"30.03.2022","4.894,98","4.914,73","4.925,45","4.871,07","","-0,40%"
"29.03.2022","4.914,73","4.938,80","4.938,80","4.889,03","","-0,49%"
"28.03.2022","4.938,80","4.965,11","5.009,37","4.917,77","","-0,53%"
"25.03.2022","4.965,11","4.954,51","4.979,07","4.927,48","","0,21%"
"24.03.2022","4.954,51","4.841,46","4.954,51","4.840,36","","2,34%"
"23.03.2022","4.841,46","4.888,18","4.899,24","4.819,04","","-0,96%"
"22.03.2022","4.888,18","4.994,67","4.995,63","4.883,79","","-2,13%"
"21.03.2022","4.994,67","4.854,44","4.996,46","4.775,40","","2,89%"
"18.03.2022","4.854,44","4.789,88","4.860,13","4.789,88","","1,35%"
"17.03.2022","4.789,88","4.695,41","4.841,54","4.695,41","","2,01%"
"16.03.2022","4.695,41","4.623,04","4.715,68","4.623,04","","1,57%"
"15.03.2022","4.623,04","4.588,49","4.637,74","4.581,59","","0,75%"
"14.03.2022","4.588,49","4.633,35","4.645,68","4.587,52","","-0,97%"
"11.03.2022","4.633,35","4.608,97","4.677,68","4.608,97","","0,53%"
"10.03.2022","4.608,97","4.656,03","4.687,71","4.564,15","","-1,01%"
"09.03.2022","4.656,03","4.578,68","4.661,75","4.578,68","","1,69%"
"08.03.2022","4.578,68","4.618,07","4.624,04","4.549,33","","-0,85%"
"07.03.2022","4.618,07","4.641,45","4.692,99","4.559,95","","-0,50%"
"04.03.2022","4.641,45","4.571,80","4.641,75","4.566,32","","1,52%"
"03.03.2022","4.571,80","4.487,37","4.581,30","4.487,37","","1,88%"
"02.03.2022","4.487,37","4.435,17","4.509,91","4.435,17","","1,18%"
"01.03.2022","4.435,17","4.534,47","4.537,37","4.434,31","","-2,19%"
"28.02.2022","4.534,47","4.465,51","4.534,47","4.453,46","","1,54%"
"25.02.2022","4.465,51","4.399,60","4.483,85","4.399,60","","1,50%"
"24.02.2022","4.399,60","4.375,69","4.399,60","4.223,36","","0,55%"
"23.02.2022","4.375,69","4.472,86","4.503,93","4.374,59","","-2,17%"
"22.02.2022","4.472,86","4.525,80","4.525,99","4.432,48","","-1,17%"
"21.02.2022","4.525,80","4.549,07","4.559,23","4.479,91","","-0,51%"
"18.02.2022","4.549,07","4.549,08","4.571,22","4.534,35","","0,00%"
"17.02.2022","4.549,08","4.653,04","4.653,04","4.542,87","","-2,23%"
"16.02.2022","4.653,04","4.643,69","4.667,95","4.614,73","","0,20%"
"15.02.2022","4.643,69","4.604,62","4.664,59","4.604,62","","0,85%"
"14.02.2022","4.604,62","4.652,21","4.652,21","4.589,16","","-1,02%"
"11.02.2022","4.652,21","4.641,53","4.686,62","4.615,99","","0,23%"
"10.02.2022","4.641,53","4.605,08","4.642,57","4.592,28","","0,79%"
"09.02.2022","4.605,08","4.582,62","4.618,78","4.582,35","","0,49%"
"08.02.2022","4.582,62","4.474,10","4.592,57","4.468,91","","2,43%"
"07.02.2022","4.474,10","4.425,52","4.481,10","4.425,52","","1,10%"
"04.02.2022","4.425,52","4.454,97","4.513,76","4.422,41","","-0,66%"
"03.02.2022","4.454,97","4.555,38","4.555,38","4.454,97","","-2,20%"
"02.02.2022","4.555,38","4.598,72","4.620,05","4.555,38","","-0,94%"
"01.02.2022","4.598,72","4.548,45","4.617,29","4.547,33","","1,11%"
"31.01.2022","4.548,45","4.542,86","4.597,58","4.542,86","","0,12%"
"28.01.2022","4.542,86","4.562,74","4.595,92","4.542,86","","-0,44%"
"27.01.2022","4.562,74","4.552,33","4.574,85","4.530,88","","0,23%"
"26.01.2022","4.552,33","4.529,30","4.594,83","4.527,18","","0,51%"
"25.01.2022","4.529,30","4.503,17","4.546,74","4.487,03","","0,58%"
"24.01.2022","4.503,17","4.644,86","4.649,04","4.462,07","","-3,05%"
"21.01.2022","4.644,86","4.486,72","4.671,55","4.486,72","","3,52%"
"20.01.2022","4.486,72","4.470,71","4.505,07","4.465,71","","0,36%"
"19.01.2022","4.470,71","4.500,80","4.538,39","4.469,40","","-0,67%"
"18.01.2022","4.500,80","4.473,27","4.505,89","4.451,48","","0,62%"
"17.01.2022","4.473,27","4.486,57","4.490,88","4.458,47","","-0,30%"
"14.01.2022","4.486,57","4.512,43","4.517,80","4.459,25","","-0,57%"
"13.01.2022","4.512,43","4.507,82","4.554,31","4.484,80","","0,10%"
"12.01.2022","4.507,82","4.394,91","4.507,82","4.394,91","","2,57%"
"11.01.2022","4.394,91","4.298,24","4.394,91","4.298,24","","2,25%"
"10.01.2022","4.298,24","4.296,35","4.301,99","4.272,15","","0,04%"
"07.01.2022","4.296,35","4.348,44","4.361,16","4.275,59","","-1,20%"
"06.01.2022","4.348,44","4.317,60","4.351,94","4.287,88","","0,71%"
"05.01.2022","4.317,60","4.294,64","4.318,75","4.282,62","","0,53%"
"04.01.2022","4.294,64","4.301,32","4.332,71","4.247,58","","-0,16%"
"03.01.2022","4.301,32","4.308,38","4.353,46","4.294,89","","0,03%"
"30.12.2021","4.300,12","4.250,29","4.311,31","4.241,95","","1,17%"
"29.12.2021","4.250,29","4.269,37","4.284,80","4.247,01","","-0,45%"
"28.12.2021","4.269,37","4.281,89","4.330,65","4.269,37","","-0,29%"
"27.12.2021","4.281,89","4.299,09","4.336,57","4.257,68","","-0,37%"
"24.12.2021","4.297,86","4.241,63","4.307,29","4.241,63","","1,33%"
"23.12.2021","4.241,63","4.121,91","4.242,39","4.121,91","","2,90%"
"22.12.2021","4.121,91","4.142,49","4.178,13","4.117,17","","-0,50%"
"21.12.2021","4.142,49","4.088,26","4.201,45","4.088,26","","1,33%"
"20.12.2021","4.088,26","4.357,78","4.357,78","4.032,93","","-6,18%"
"17.12.2021","4.357,78","4.392,34","4.397,43","4.286,32","","-0,79%"
"16.12.2021","4.392,34","4.271,40","4.392,34","4.271,40","","2,83%"
"15.12.2021","4.271,40","4.179,56","4.280,41","4.138,04","","2,20%"
"14.12.2021","4.179,56","4.301,25","4.301,25","4.151,04","","-2,83%"
"13.12.2021","4.301,25","4.405,72","4.408,30","4.286,13","","-2,37%"
"10.12.2021","4.405,72","4.418,79","4.422,40","4.379,00","","-0,30%"
"09.12.2021","4.418,79","4.395,15","4.449,14","4.390,13","","0,54%"
"07.12.2021","4.395,15","4.368,82","4.426,60","4.368,82","","0,60%"
"06.12.2021","4.368,82","4.369,40","4.417,06","4.353,32","","-0,01%"
"03.12.2021","4.369,40","4.370,90","4.442,59","4.364,98","","-0,03%"
"02.12.2021","4.370,90","4.332,45","4.379,11","4.327,57","","0,89%"
"01.12.2021","4.332,45","4.432,71","4.449,21","4.332,45","","-2,26%"
"30.11.2021","4.432,71","4.505,62","4.505,62","4.347,39","","-1,62%"
"29.11.2021","4.505,62","4.579,30","4.591,69","4.447,88","","-1,61%"
"26.11.2021","4.579,30","4.601,91","4.601,91","4.486,92","","-0,49%"
"25.11.2021","4.601,91","4.629,24","4.644,30","4.563,18","","-0,59%"
"24.11.2021","4.629,24","4.697,66","4.704,56","4.604,10","","-1,46%"
"23.11.2021","4.697,66","4.780,91","4.784,46","4.660,75","","-1,74%"
"22.11.2021","4.780,91","4.358,48","4.822,43","4.358,48","","9,69%"
"19.11.2021","4.358,48","4.281,66","4.373,54","4.251,44","","1,79%"
"18.11.2021","4.281,66","4.293,18","4.356,25","4.253,56","","-0,27%"
"17.11.2021","4.293,18","4.304,80","4.325,14","4.257,99","","-0,27%"
"16.11.2021","4.304,80","4.382,46","4.387,49","4.294,82","","-1,77%"
"15.11.2021","4.382,46","4.485,97","4.488,39","4.370,87","","-2,31%"
"12.11.2021","4.485,97","4.519,38","4.532,36","4.485,83","","-0,74%"
"11.11.2021","4.519,38","4.489,04","4.519,86","4.463,71","","0,68%"
"10.11.2021","4.489,04","4.470,52","4.489,24","4.429,39","","0,41%"
"09.11.2021","4.470,52","4.363,33","4.472,98","4.331,36","","2,46%"
"08.11.2021","4.363,33","4.388,19","4.434,12","4.357,13","","-0,57%"
"05.11.2021","4.388,19","4.473,80","4.512,90","4.387,36","","-1,91%"
"04.11.2021","4.473,80","4.309,93","4.473,80","4.309,93","","3,80%"
"03.11.2021","4.309,93","4.207,20","4.310,26","4.205,81","","2,44%"
"02.11.2021","4.207,20","4.092,20","4.214,42","4.092,20","","2,81%"
"29.10.2021","4.092,20","4.096,24","4.122,84","4.068,77","","-0,10%"
"28.10.2021","4.096,24","4.115,66","4.127,10","4.073,76","","-0,47%"
"27.10.2021","4.115,66","4.245,91","4.260,89","4.115,66","","-3,07%"
"26.10.2021","4.245,91","4.175,95","4.269,49","4.175,95","","1,68%"
"25.10.2021","4.175,95","4.084,35","4.176,22","4.084,35","","2,24%"
"22.10.2021","4.084,35","4.053,40","4.100,06","4.052,04","","0,76%"
"21.10.2021","4.053,40","4.037,49","4.075,03","4.031,53","","0,39%"
"20.10.2021","4.037,49","3.994,91","4.062,87","3.975,21","","1,07%"
"19.10.2021","3.994,91","4.008,74","4.036,48","3.994,22","","-0,34%"
"18.10.2021","4.008,74","3.982,18","4.078,87","3.959,02","","0,67%"
"15.10.2021","3.982,18","3.996,48","4.048,14","3.961,01","","-0,36%"
"14.10.2021","3.996,48","4.006,49","4.034,61","3.980,45","","-0,25%"
"13.10.2021","4.006,49","4.103,12","4.117,02","3.971,28","","-2,36%"
"12.10.2021","4.103,12","4.145,62","4.196,38","4.096,23","","-1,03%"
"08.10.2021","4.145,62","4.129,68","4.168,82","4.129,68","","0,39%"
"07.10.2021","4.129,68","4.132,30","4.226,80","4.122,76","","-0,06%"
"06.10.2021","4.132,30","4.226,08","4.237,43","4.101,14","","-2,22%"
"05.10.2021","4.226,08","4.242,62","4.277,92","4.211,21","","-0,39%"
"04.10.2021","4.242,62","4.326,72","4.331,37","4.241,65","","-1,94%"
"01.10.2021","4.326,72","4.362,59","4.373,50","4.314,30","","-0,82%"
"30.09.2021","4.362,59","4.335,20","4.371,07","4.335,20","","0,63%"
"29.09.2021","4.335,20","4.323,34","4.364,54","4.318,52","","0,27%"
"28.09.2021","4.323,34","4.351,71","4.354,07","4.306,88","","-0,65%"
"27.09.2021","4.351,71","4.377,19","4.402,54","4.347,26","","-0,58%"
"24.09.2021","4.377,19","4.411,69","4.414,66","4.355,89","","-0,78%"
"23.09.2021","4.411,69","4.384,03","4.418,49","4.382,71","","0,63%"
"22.09.2021","4.384,03","4.307,43","4.394,29","4.307,43","","1,78%"
"21.09.2021","4.307,43","4.291,36","4.342,94","4.290,25","","0,37%"
"20.09.2021","4.291,36","4.465,47","4.465,47","4.290,58","","-3,90%"
"16.09.2021","4.465,47","4.433,84","4.465,47","4.401,84","","0,71%"
"15.09.2021","4.433,84","4.419,58","4.450,09","4.406,55","","0,55%"
"14.09.2021","4.409,42","4.401,31","4.439,94","4.401,31","","0,18%"
"13.09.2021","4.401,31","4.464,00","4.485,97","4.381,15","","-1,40%"
"10.09.2021","4.464,00","4.407,24","4.481,56","4.406,64","","1,29%"
"09.09.2021","4.407,24","4.378,14","4.413,71","4.309,82","","0,66%"
"08.09.2021","4.378,14","4.432,98","4.432,98","4.346,74","","-1,24%"
"07.09.2021","4.432,98","4.456,20","4.468,27","4.409,62","","-0,52%"
"06.09.2021","4.456,20","4.463,55","4.470,69","4.438,42","","-0,16%"
"03.09.2021","4.463,55","4.437,44","4.464,30","4.414,23","","0,59%"
"02.09.2021","4.437,44","4.450,95","4.471,43","4.422,46","","-0,30%"
"01.09.2021","4.450,95","4.491,57","4.491,57","4.442,22","","-0,90%"
"31.08.2021","4.491,57","4.506,53","4.506,53","4.472,75","","-0,33%"
"30.08.2021","4.506,53","4.459,22","4.510,77","4.459,22","","1,06%"
"27.08.2021","4.459,22","4.443,81","4.482,59","4.440,27","","0,35%"
"26.08.2021","4.443,81","4.437,93","4.463,05","4.423,13","","0,13%"
"25.08.2021","4.437,93","4.369,43","4.438,14","4.358,28","","1,57%"
"24.08.2021","4.369,43","4.392,75","4.403,56","4.345,48","","-0,53%"
"23.08.2021","4.392,75","4.347,49","4.399,86","4.347,49","","1,04%"
"20.08.2021","4.347,49","4.310,51","4.356,57","4.305,53","","0,86%"
"19.08.2021","4.310,51","4.341,58","4.341,58","4.290,63","","-0,72%"
"18.08.2021","4.341,58","4.320,58","4.346,94","4.303,66","","0,49%"
"17.08.2021","4.320,58","4.329,41","4.333,86","4.271,64","","-0,20%"
"16.08.2021","4.329,41","4.401,94","4.401,94","4.320,87","","-1,65%"
"13.08.2021","4.401,94","4.374,75","4.432,07","4.374,75","","0,62%"
"12.08.2021","4.374,75","4.368,00","4.381,35","4.329,59","","0,09%"
"11.08.2021","4.370,90","4.345,42","4.391,06","4.328,64","","0,59%"
"10.08.2021","4.345,42","4.243,71","4.363,34","4.243,71","","2,40%"
"09.08.2021","4.243,71","4.282,48","4.305,79","4.238,69","","-0,91%"
"06.08.2021","4.282,48","4.240,54","4.285,86","4.238,53","","0,99%"
"05.08.2021","4.240,54","4.211,48","4.254,42","4.207,71","","0,69%"
"04.08.2021","4.211,48","4.207,03","4.214,05","4.178,07","","0,11%"
"03.08.2021","4.207,03","4.211,70","4.221,58","4.172,52","","-0,11%"
"02.08.2021","4.211,70","4.252,04","4.277,41","4.190,19","","-0,95%"
"30.07.2021","4.252,04","4.253,91","4.289,30","4.211,72","","-0,04%"
"29.07.2021","4.253,91","4.172,18","4.259,00","4.171,34","","1,96%"
"28.07.2021","4.172,18","4.147,04","4.174,02","4.143,24","","0,61%"
"27.07.2021","4.147,04","4.146,71","4.150,92","4.113,60","","0,01%"
"26.07.2021","4.146,71","4.187,49","4.214,37","4.146,37","","-0,97%"
"23.07.2021","4.187,49","4.288,05","4.288,05","4.175,33","","-2,35%"
"22.07.2021","4.288,05","4.274,26","4.303,23","4.248,73","","0,32%"
"21.07.2021","4.274,26","4.292,01","4.343,40","4.273,81","","-0,41%"
"20.07.2021","4.292,01","4.232,33","4.314,20","4.232,33","","1,41%"
"19.07.2021","4.232,33","4.153,03","4.233,09","4.150,21","","1,91%"
"15.07.2021","4.153,03","4.158,36","4.163,48","4.144,60","","-0,13%"
"14.07.2021","4.158,36","4.198,73","4.205,54","4.148,92","","-0,96%"
"13.07.2021","4.198,73","4.243,21","4.246,05","4.179,05","","-1,05%"
"12.07.2021","4.243,21","4.247,83","4.281,71","4.205,23","","-0,11%"
"09.07.2021","4.247,83","4.188,16","4.255,48","4.184,75","","1,42%"
"08.07.2021","4.188,16","4.206,43","4.206,43","4.135,94","","-0,43%"
"07.07.2021","4.206,43","4.165,81","4.206,54","4.164,47","","0,98%"
"06.07.2021","4.165,81","4.287,54","4.302,10","4.164,56","","-2,84%"
"05.07.2021","4.287,54","4.314,81","4.318,91","4.259,71","","-0,63%"
"02.07.2021","4.314,81","4.345,51","4.353,08","4.311,27","","-0,71%"
"01.07.2021","4.345,51","4.331,33","4.371,54","4.331,33","","0,33%"
"30.06.2021","4.331,33","4.323,69","4.348,81","4.294,77","","0,18%"
"29.06.2021","4.323,69","4.349,51","4.367,00","4.277,08","","-0,59%"
"25.06.2021","4.349,51","4.421,23","4.443,90","4.346,35","","-1,62%"
"24.06.2021","4.421,23","4.370,24","4.422,37","4.369,71","","1,17%"
"23.06.2021","4.370,24","4.371,93","4.427,25","4.368,01","","-0,04%"
"22.06.2021","4.371,93","4.294,39","4.384,79","4.294,39","","1,81%"
"18.06.2021","4.294,39","4.330,26","4.334,27","4.283,14","","-0,83%"
"17.06.2021","4.330,26","4.356,51","4.362,58","4.316,09","","-0,60%"
"16.06.2021","4.356,51","4.361,62","4.399,68","4.337,07","","-0,12%"
"15.06.2021","4.361,62","4.344,91","4.386,69","4.292,87","","0,38%"
"14.06.2021","4.344,91","4.310,64","4.369,16","4.310,64","","0,80%"
"11.06.2021","4.310,64","4.260,22","4.319,70","4.260,22","","1,18%"
"10.06.2021","4.260,22","4.268,36","4.303,97","4.253,99","","-0,19%"
"09.06.2021","4.268,36","4.172,34","4.268,54","4.169,22","","2,30%"
"08.06.2021","4.172,34","4.131,38","4.197,78","4.131,38","","0,99%"
"07.06.2021","4.131,38","4.225,88","4.249,17","4.131,38","","-2,24%"
"04.06.2021","4.225,88","4.226,90","4.229,74","4.176,61","","-0,02%"
"03.06.2021","4.226,90","4.393,97","4.401,91","4.194,08","","-3,80%"
"02.06.2021","4.393,97","4.396,10","4.408,63","4.358,43","","-0,05%"
"01.06.2021","4.396,10","4.356,43","4.400,20","4.347,26","","0,91%"
"31.05.2021","4.356,43","4.258,75","4.356,84","4.258,75","","2,29%"
"28.05.2021","4.258,75","4.160,26","4.282,66","4.160,26","","2,37%"
"27.05.2021","4.160,26","4.119,06","4.206,64","4.119,06","","1,00%"
"26.05.2021","4.119,06","4.091,05","4.119,07","4.076,07","","0,68%"
"25.05.2021","4.091,05","4.115,37","4.173,73","4.069,09","","-0,59%"
"24.05.2021","4.115,37","4.079,99","4.135,69","4.079,99","","0,87%"
"20.05.2021","4.079,99","4.030,39","4.094,31","4.003,99","","1,23%"
"19.05.2021","4.030,39","4.143,96","4.143,96","4.016,06","","-2,74%"
"18.05.2021","4.143,96","4.147,86","4.248,04","4.080,97","","-0,09%"
"17.05.2021","4.147,86","4.574,69","4.574,69","4.125,18","","-9,33%"
"14.05.2021","4.574,69","4.443,64","4.576,82","4.443,64","","2,95%"
"13.05.2021","4.443,64","4.485,58","4.534,00","4.443,64","","-0,93%"
"12.05.2021","4.485,58","4.540,80","4.540,80","4.485,58","","-1,22%"
"11.05.2021","4.540,80","4.594,60","4.594,60","4.511,25","","-1,17%"
"10.05.2021","4.594,60","4.618,80","4.660,01","4.582,97","","-0,52%"
"07.05.2021","4.618,80","4.630,72","4.675,23","4.611,98","","-0,26%"
"06.05.2021","4.630,72","4.704,25","4.730,68","4.616,13","","-1,56%"
"05.05.2021","4.704,25","4.648,82","4.722,17","4.648,82","","1,19%"
"04.05.2021","4.648,82","4.589,24","4.649,19","4.589,24","","1,30%"
"03.05.2021","4.589,24","4.472,84","4.590,98","4.472,84","","2,60%"
"30.04.2021","4.472,84","4.542,54","4.565,98","4.472,84","","-1,53%"
"29.04.2021","4.542,54","4.586,27","4.670,71","4.529,55","","-0,95%"
"28.04.2021","4.586,27","4.748,52","4.773,81","4.577,21","","-3,42%"
"27.04.2021","4.748,52","4.864,86","4.875,69","4.747,07","","-2,39%"
"26.04.2021","4.864,86","4.839,14","4.906,32","4.839,14","","0,53%"
"23.04.2021","4.839,14","4.843,82","4.890,49","4.814,49","","-0,10%"
"22.04.2021","4.843,82","4.932,18","4.937,66","4.808,19","","-1,79%"
"21.04.2021","4.932,18","4.975,80","4.980,40","4.930,87","","-0,88%"
"20.04.2021","4.975,80","4.970,29","4.975,80","4.916,41","","0,11%"
"19.04.2021","4.970,29","4.988,17","5.005,97","4.960,35","","-0,36%"
"16.04.2021","4.988,17","4.942,16","4.998,56","4.942,16","","0,93%"
"15.04.2021","4.942,16","4.927,08","4.942,41","4.896,00","","0,31%"
"14.04.2021","4.927,08","4.901,91","4.927,64","4.885,45","","0,51%"
"13.04.2021","4.901,91","4.950,06","4.953,09","4.893,09","","-0,97%"
"12.04.2021","4.950,06","4.958,04","4.959,19","4.921,95","","-0,16%"
"09.04.2021","4.958,04","4.910,19","4.958,16","4.904,36","","0,97%"
"08.04.2021","4.910,19","4.859,07","4.910,33","4.857,11","","1,05%"
"07.04.2021","4.859,07","4.860,65","4.860,65","4.833,21","","-0,03%"
"06.04.2021","4.860,65","4.871,17","4.873,56","4.857,88","","-0,22%"
"05.04.2021","4.871,17","4.885,26","4.897,40","4.859,74","","-0,29%"
"01.04.2021","4.885,26","4.898,09","4.921,70","4.843,50","","-0,26%"
"31.03.2021","4.898,09","4.928,15","4.958,43","4.894,67","","-0,61%"
"30.03.2021","4.928,15","4.916,69","4.936,04","4.875,48","","0,23%"
"29.03.2021","4.916,69","4.854,42","4.950,28","4.854,42","","1,28%"
"26.03.2021","4.854,42","4.767,79","4.860,45","4.767,79","","1,82%"
"25.03.2021","4.767,79","4.842,26","4.846,75","4.737,73","","-1,54%"
"24.03.2021","4.842,26","4.802,90","4.862,74","4.789,84","","0,82%"
"23.03.2021","4.802,90","4.831,62","4.831,62","4.796,37","","-0,59%"
"22.03.2021","4.831,62","4.854,92","4.867,38","4.806,22","","-0,48%"
"19.03.2021","4.854,92","4.878,67","4.878,97","4.819,35","","-0,49%"
"18.03.2021","4.878,67","4.909,40","4.920,02","4.866,47","","-0,63%"
"17.03.2021","4.909,40","4.905,05","4.917,27","4.870,78","","0,09%"
"16.03.2021","4.905,05","4.913,78","4.929,24","4.877,03","","-0,18%"
"15.03.2021","4.913,78","4.893,23","4.929,77","4.890,37","","0,42%"
"12.03.2021","4.893,23","4.881,10","4.894,25","4.831,35","","0,25%"
"11.03.2021","4.881,10","4.888,55","4.931,89","4.850,20","","-0,15%"
"10.03.2021","4.888,55","4.838,18","4.892,06","4.821,44","","1,04%"
"09.03.2021","4.838,18","4.712,95","4.846,74","4.709,04","","2,66%"
"08.03.2021","4.712,95","4.713,73","4.715,65","4.676,50","","-0,02%"
"05.03.2021","4.713,73","4.700,57","4.749,35","4.655,50","","0,28%"
"04.03.2021","4.700,57","4.787,45","4.789,09","4.700,57","","-1,81%"
"03.03.2021","4.787,45","4.720,09","4.799,02","4.710,22","","1,43%"
"02.03.2021","4.720,09","4.637,54","4.749,76","4.634,05","","1,78%"
"01.03.2021","4.637,54","4.573,37","4.640,59","4.573,37","","1,40%"
"26.02.2021","4.573,37","4.574,43","4.596,93","4.551,20","","-0,02%"
"25.02.2021","4.574,43","4.576,41","4.608,32","4.568,00","","-0,04%"
"24.02.2021","4.576,41","4.489,21","4.594,17","4.489,21","","1,94%"
"23.02.2021","4.489,21","4.569,34","4.569,34","4.482,75","","-1,75%"
"22.02.2021","4.569,34","4.623,74","4.623,74","4.551,61","","-1,18%"
"19.02.2021","4.623,74","4.518,64","4.623,86","4.517,95","","2,33%"
"18.02.2021","4.518,64","4.559,20","4.559,65","4.496,05","","-0,89%"
"17.02.2021","4.559,20","4.653,07","4.655,73","4.553,02","","-2,02%"
"16.02.2021","4.653,07","4.620,12","4.679,38","4.620,12","","0,71%"
"15.02.2021","4.620,12","4.599,09","4.625,34","4.579,58","","0,46%"
"12.02.2021","4.599,09","4.548,20","4.599,71","4.531,61","","1,12%"
"11.02.2021","4.548,20","4.527,65","4.559,01","4.508,40","","0,45%"
"10.02.2021","4.527,65","4.542,72","4.558,82","4.490,95","","-0,33%"
"09.02.2021","4.542,72","4.487,09","4.543,43","4.478,50","","1,24%"
"08.02.2021","4.487,09","4.449,45","4.494,28","4.449,45","","0,85%"
"05.02.2021","4.449,45","4.412,00","4.460,33","4.411,67","","0,85%"
"04.02.2021","4.412,00","4.401,87","4.416,02","4.373,59","","0,23%"
"03.02.2021","4.401,87","4.416,95","4.438,86","4.400,39","","-0,34%"
"02.02.2021","4.416,95","4.381,01","4.453,04","4.381,01","","0,82%"
"01.02.2021","4.381,01","4.288,65","4.381,68","4.288,65","","2,15%"
"29.01.2021","4.288,65","4.410,80","4.420,61","4.288,65","","-2,77%"
"28.01.2021","4.410,80","4.417,99","4.426,97","4.353,99","","-0,16%"
"27.01.2021","4.417,99","4.497,74","4.497,74","4.395,55","","-1,77%"
"26.01.2021","4.497,74","4.488,93","4.533,54","4.457,27","","0,20%"
"25.01.2021","4.488,93","4.481,00","4.545,51","4.471,53","","0,18%"
"22.01.2021","4.481,00","4.579,27","4.579,27","4.481,00","","-2,15%"
"21.01.2021","4.579,27","4.637,84","4.669,61","4.579,27","","-1,26%"
"20.01.2021","4.637,84","4.669,74","4.697,16","4.631,56","","-0,68%"
"19.01.2021","4.669,74","4.624,11","4.691,67","4.624,11","","0,99%"
"18.01.2021","4.624,11","4.572,10","4.624,11","4.531,67","","1,14%"
"15.01.2021","4.572,10","4.640,84","4.641,04","4.571,97","","-1,48%"
"14.01.2021","4.640,84","4.658,71","4.675,73","4.609,03","","-0,38%"
"13.01.2021","4.658,71","4.600,12","4.658,71","4.600,12","","1,27%"
"12.01.2021","4.600,12","4.552,52","4.610,61","4.546,03","","1,05%"
"11.01.2021","4.552,52","4.560,02","4.560,02","4.497,32","","-0,16%"
"08.01.2021","4.560,02","4.528,85","4.568,77","4.491,60","","0,69%"
"07.01.2021","4.528,85","4.417,84","4.529,23","4.417,84","","2,51%"
"06.01.2021","4.417,84","4.367,18","4.438,32","4.366,00","","1,16%"
"05.01.2021","4.367,18","4.257,44","4.367,18","4.244,84","","2,58%"
"04.01.2021","4.257,44","4.177,22","4.273,95","4.177,22","","1,92%"
"30.12.2020","4.177,22","4.197,87","4.222,26","4.177,22","","-0,49%"
"29.12.2020","4.197,87","4.180,22","4.214,29","4.180,22","","0,42%"
"28.12.2020","4.180,22","4.133,35","4.192,13","4.133,35","","1,13%"
"24.12.2020","4.133,35","4.156,29","4.157,33","4.106,11","","-0,55%"
"23.12.2020","4.156,29","4.190,03","4.217,58","4.143,78","","-0,81%"
"22.12.2020","4.190,03","4.162,96","4.244,30","4.162,96","","0,65%"
"21.12.2020","4.162,96","4.210,69","4.210,69","4.114,76","","-1,13%"
"18.12.2020","4.210,69","4.199,33","4.251,72","4.199,33","","0,27%"
"17.12.2020","4.199,33","4.110,99","4.200,52","4.110,60","","2,15%"
"16.12.2020","4.110,99","4.061,66","4.111,42","4.061,66","","1,21%"
"15.12.2020","4.061,66","4.052,84","4.084,87","4.041,40","","0,22%"
"14.12.2020","4.052,84","4.085,89","4.127,62","4.052,46","","-0,81%"
"11.12.2020","4.085,89","4.106,42","4.123,23","4.054,65","","-0,50%"
"10.12.2020","4.106,42","4.148,70","4.181,90","4.106,37","","-1,02%"
"09.12.2020","4.148,70","4.130,41","4.193,63","4.125,72","","0,44%"
"07.12.2020","4.130,41","4.191,18","4.195,51","4.081,26","","-1,45%"
"04.12.2020","4.191,18","4.188,80","4.213,34","4.173,49","","0,06%"
"03.12.2020","4.188,80","4.157,12","4.188,80","4.142,26","","0,76%"
"02.12.2020","4.157,12","4.110,59","4.157,21","4.091,74","","1,13%"
"01.12.2020","4.110,59","4.032,87","4.114,11","4.032,87","","1,93%"
"30.11.2020","4.032,87","4.117,03","4.152,09","4.032,87","","-2,04%"
"27.11.2020","4.117,03","4.121,96","4.155,86","4.115,57","","-0,12%"
"26.11.2020","4.121,96","4.135,16","4.165,08","4.091,91","","-0,32%"
"25.11.2020","4.135,16","4.197,27","4.207,34","4.127,63","","-1,48%"
"24.11.2020","4.197,27","4.131,26","4.208,96","4.131,26","","1,60%"
"23.11.2020","4.131,26","4.054,53","4.131,91","4.054,53","","1,89%"
"20.11.2020","4.054,53","4.028,30","4.067,73","4.024,86","","0,65%"
"19.11.2020","4.028,30","4.108,79","4.110,32","4.018,53","","-1,96%"
"18.11.2020","4.108,79","4.053,50","4.109,19","4.053,50","","1,36%"
"17.11.2020","4.053,50","4.047,42","4.054,93","3.993,50","","0,15%"
"16.11.2020","4.047,42","4.005,35","4.097,03","4.005,35","","1,05%"
"13.11.2020","4.005,35","3.916,50","4.007,43","3.916,50","","2,27%"
"12.11.2020","3.916,50","3.979,34","3.981,86","3.916,50","","-1,58%"
"11.11.2020","3.979,34","3.977,45","4.010,47","3.948,65","","0,05%"
"10.11.2020","3.977,45","3.928,48","3.978,10","3.887,19","","1,25%"
"09.11.2020","3.928,48","3.812,38","3.951,95","3.812,38","","3,05%"
"06.11.2020","3.812,38","3.703,94","3.812,79","3.686,68","","2,93%"
"05.11.2020","3.703,94","3.518,05","3.705,51","3.518,05","","5,28%"
"04.11.2020","3.518,05","3.521,45","3.554,87","3.489,65","","-0,10%"
"03.11.2020","3.521,45","3.571,13","3.601,44","3.506,29","","-1,39%"
"02.11.2020","3.571,13","3.539,92","3.606,53","3.539,92","","0,88%"
"30.10.2020","3.539,92","3.582,64","3.598,52","3.530,26","","-1,19%"
"29.10.2020","3.582,64","3.629,48","3.636,44","3.574,45","","-1,29%"
"28.10.2020","3.629,48","3.697,00","3.697,91","3.611,73","","-1,83%"
"27.10.2020","3.697,00","3.705,99","3.751,63","3.675,47","","-0,24%"
"26.10.2020","3.705,99","3.807,95","3.808,43","3.701,14","","-2,68%"
"23.10.2020","3.807,95","3.811,29","3.831,40","3.799,49","","-0,09%"
"22.10.2020","3.811,29","3.782,66","3.817,12","3.758,84","","0,76%"
"21.10.2020","3.782,66","3.672,92","3.782,95","3.670,15","","2,99%"
"20.10.2020","3.672,92","3.631,80","3.678,99","3.631,80","","1,13%"
"19.10.2020","3.631,80","3.640,58","3.677,22","3.631,38","","-0,24%"
"16.10.2020","3.640,58","3.661,72","3.674,64","3.628,76","","-0,58%"
"15.10.2020","3.661,72","3.664,40","3.690,63","3.619,65","","-0,07%"
"14.10.2020","3.664,40","3.654,69","3.666,27","3.640,43","","0,27%"
"13.10.2020","3.654,69","3.677,45","3.690,67","3.636,54","","-0,62%"
"09.10.2020","3.677,45","3.650,27","3.692,33","3.635,59","","0,74%"
"08.10.2020","3.650,27","3.588,35","3.650,35","3.588,35","","1,73%"
"07.10.2020","3.588,35","3.621,71","3.629,38","3.580,64","","-0,92%"
"06.10.2020","3.621,71","3.675,83","3.682,93","3.612,85","","-1,47%"
"05.10.2020","3.675,83","3.666,03","3.698,75","3.663,46","","0,27%"
"02.10.2020","3.666,03","3.635,47","3.674,00","3.591,29","","0,84%"
"01.10.2020","3.635,47","3.637,30","3.660,67","3.618,86","","-0,05%"
"30.09.2020","3.637,30","3.555,32","3.637,30","3.555,32","","2,31%"
"29.09.2020","3.555,32","3.595,39","3.595,40","3.539,67","","-1,11%"
"28.09.2020","3.595,39","3.589,04","3.632,14","3.589,04","","0,18%"
"25.09.2020","3.589,04","3.571,42","3.589,04","3.563,08","","0,49%"
"24.09.2020","3.571,42","3.520,45","3.592,59","3.520,45","","1,45%"
"23.09.2020","3.520,45","3.634,63","3.634,87","3.512,53","","-3,14%"
"22.09.2020","3.634,63","3.643,85","3.678,01","3.634,63","","-0,25%"
"21.09.2020","3.643,85","3.729,64","3.729,64","3.640,63","","-2,30%"
"17.09.2020","3.729,64","3.717,06","3.729,64","3.678,60","","0,34%"
"16.09.2020","3.717,06","3.721,71","3.723,14","3.696,64","","-0,12%"
"15.09.2020","3.721,71","3.709,84","3.735,93","3.709,84","","0,32%"
"14.09.2020","3.709,84","3.712,67","3.748,36","3.708,25","","-0,08%"
"11.09.2020","3.712,67","3.687,17","3.715,52","3.657,85","","0,69%"
"10.09.2020","3.687,17","3.771,72","3.782,86","3.673,07","","-2,24%"
"09.09.2020","3.771,72","3.826,07","3.837,57","3.771,72","","-1,42%"
"08.09.2020","3.826,07","3.854,21","3.854,21","3.814,18","","-0,73%"
"07.09.2020","3.854,21","3.810,61","3.856,48","3.810,61","","1,14%"
"04.09.2020","3.810,61","3.845,87","3.858,64","3.794,63","","-0,92%"
"03.09.2020","3.845,87","3.814,95","3.845,90","3.795,08","","0,81%"
"02.09.2020","3.814,95","3.752,95","3.828,91","3.752,95","","1,65%"
"01.09.2020","3.752,95","3.767,15","3.790,75","3.737,54","","-0,38%"
"31.08.2020","3.767,15","3.873,77","3.886,24","3.767,15","","-2,75%"
"28.08.2020","3.873,77","3.887,80","3.921,54","3.868,09","","-0,36%"
"27.08.2020","3.887,80","3.861,65","3.887,80","3.849,75","","0,68%"
"26.08.2020","3.861,65","3.897,73","3.907,75","3.855,61","","-0,93%"
"25.08.2020","3.897,73","3.962,37","3.973,03","3.885,75","","-1,63%"
"24.08.2020","3.962,37","3.994,71","4.012,08","3.956,64","","-0,81%"
"21.08.2020","3.994,71","3.977,97","3.994,87","3.967,79","","0,42%"
"20.08.2020","3.977,97","3.998,80","3.998,80","3.967,14","","-0,52%"
"19.08.2020","3.998,80","4.023,76","4.028,19","3.986,51","","-0,62%"
"18.08.2020","4.023,76","4.041,02","4.051,68","4.004,07","","-0,43%"
"17.08.2020","4.041,02","4.017,11","4.044,74","4.017,11","","0,60%"
"14.08.2020","4.017,11","4.004,99","4.027,40","4.004,99","","0,30%"
"13.08.2020","4.004,99","4.036,54","4.079,03","3.993,01","","-0,78%"
"12.08.2020","4.036,54","4.000,25","4.044,89","4.000,25","","0,91%"
"11.08.2020","4.000,25","3.984,09","4.026,26","3.984,09","","0,41%"
"10.08.2020","3.984,09","3.988,90","4.026,54","3.983,86","","-0,12%"
"07.08.2020","3.988,90","3.968,74","4.003,18","3.968,74","","0,51%"
"06.08.2020","3.968,74","3.932,35","3.969,51","3.917,71","","0,93%"
"05.08.2020","3.932,35","3.926,25","3.979,06","3.926,25","","0,16%"
"04.08.2020","3.926,25","3.946,52","4.008,35","3.925,87","","-0,51%"
"03.08.2020","3.946,52","4.017,08","4.017,08","3.946,52","","-1,76%"
"31.07.2020","4.017,08","3.953,30","4.017,08","3.953,30","","1,61%"
"30.07.2020","3.953,30","3.983,25","3.983,25","3.919,24","","-0,75%"
"29.07.2020","3.983,25","4.055,59","4.055,59","3.969,25","","-1,78%"
"28.07.2020","4.055,59","4.062,65","4.086,88","4.055,18","","-0,17%"
"27.07.2020","4.062,65","4.014,88","4.071,46","4.014,88","","1,19%"
"24.07.2020","4.014,88","3.984,28","4.029,43","3.956,48","","0,77%"
"23.07.2020","3.984,28","3.944,82","4.026,37","3.940,04","","1,00%"
"22.07.2020","3.944,82","3.887,28","3.966,92","3.865,31","","1,48%"
"21.07.2020","3.887,28","3.924,61","3.938,53","3.882,87","","-0,95%"
"20.07.2020","3.924,61","3.994,73","3.994,73","3.891,36","","-1,76%"
"17.07.2020","3.994,73","4.041,62","4.047,76","3.968,61","","-1,16%"
"15.07.2020","4.041,62","4.180,91","4.206,05","4.041,62","","-3,33%"
"14.07.2020","4.180,91","4.115,28","4.181,06","4.081,60","","1,59%"
"13.07.2020","4.115,28","4.029,40","4.142,33","4.029,40","","2,13%"
"10.07.2020","4.029,40","4.032,15","4.043,42","3.999,82","","-0,07%"
"09.07.2020","4.032,15","4.185,91","4.185,91","4.008,10","","-3,67%"
"08.07.2020","4.185,91","4.257,67","4.259,50","4.135,14","","-1,69%"
"07.07.2020","4.257,67","4.284,42","4.284,42","4.214,24","","-0,62%"
"06.07.2020","4.284,42","4.202,17","4.310,22","4.202,17","","1,96%"
"03.07.2020","4.202,17","4.177,89","4.224,38","4.172,17","","0,58%"
"02.07.2020","4.177,89","4.037,07","4.179,43","4.037,07","","3,49%"
"01.07.2020","4.037,07","3.959,02","4.046,39","3.959,02","","1,97%"
"30.06.2020","3.959,02","3.990,95","4.009,83","3.959,02","","-0,80%"
"26.06.2020","3.990,95","4.038,31","4.046,14","3.990,59","","-1,17%"
"25.06.2020","4.038,31","4.036,23","4.050,91","4.005,23","","0,05%"
"24.06.2020","4.036,23","4.031,73","4.046,84","4.001,36","","0,11%"
"23.06.2020","4.031,73","3.998,52","4.031,73","3.974,34","","0,83%"
"22.06.2020","3.998,52","4.026,79","4.042,47","3.975,62","","-0,70%"
"19.06.2020","4.026,79","3.990,77","4.039,73","3.990,77","","0,90%"
"18.06.2020","3.990,77","3.996,60","4.006,24","3.974,02","","-0,15%"
"17.06.2020","3.996,60","3.939,79","4.024,38","3.939,79","","1,44%"
"16.06.2020","3.939,79","3.893,13","3.981,46","3.893,13","","1,20%"
"15.06.2020","3.893,13","3.981,84","3.981,84","3.888,23","","-2,23%"
"12.06.2020","3.981,84","3.944,23","4.019,20","3.944,23","","0,95%"
"11.06.2020","3.944,23","4.063,89","4.063,89","3.926,82","","-2,94%"
"10.06.2020","4.063,89","4.126,17","4.145,92","4.062,53","","-1,51%"
"09.06.2020","4.126,17","4.139,89","4.148,38","4.043,29","","-0,33%"
"08.06.2020","4.139,89","4.033,42","4.149,02","4.033,42","","2,64%"
"05.06.2020","4.033,42","3.885,41","4.055,09","3.885,41","","3,81%"
"04.06.2020","3.885,41","3.833,47","3.885,41","3.793,76","","1,35%"
"03.06.2020","3.833,47","3.750,37","3.833,47","3.749,81","","2,22%"
"02.06.2020","3.750,37","3.685,72","3.776,27","3.685,72","","1,75%"
"01.06.2020","3.685,72","3.647,60","3.714,61","3.616,68","","1,05%"
"29.05.2020","3.647,60","3.658,11","3.661,11","3.591,31","","-0,29%"
"28.05.2020","3.658,11","3.769,32","3.775,78","3.654,83","","-2,95%"
"27.05.2020","3.769,32","3.733,78","3.781,17","3.721,22","","0,95%"
"26.05.2020","3.733,78","3.751,39","3.792,53","3.727,53","","-0,47%"
"25.05.2020","3.751,39","3.723,57","3.782,96","3.706,73","","0,75%"
"22.05.2020","3.723,57","3.755,08","3.776,96","3.716,62","","-0,84%"
"20.05.2020","3.755,08","3.729,97","3.775,30","3.729,97","","0,67%"
"19.05.2020","3.729,97","3.763,21","3.796,27","3.729,86","","-0,88%"
"18.05.2020","3.763,21","3.622,15","3.782,21","3.622,15","","3,89%"
"15.05.2020","3.622,15","3.641,64","3.680,11","3.611,36","","-0,54%"
"14.05.2020","3.641,64","3.604,91","3.669,15","3.534,32","","1,02%"
"13.05.2020","3.604,91","3.734,75","3.737,09","3.542,98","","-3,48%"
"12.05.2020","3.734,75","3.811,75","3.863,03","3.734,28","","-2,02%"
"11.05.2020","3.811,75","3.818,24","3.856,62","3.793,50","","-0,17%"
"08.05.2020","3.818,24","3.999,54","4.026,75","3.818,24","","-4,53%"
"07.05.2020","3.999,54","3.964,94","4.036,99","3.964,94","","0,87%"
"06.05.2020","3.964,94","3.922,40","3.992,32","3.922,40","","1,08%"
"05.05.2020","3.922,40","3.853,27","3.946,60","3.853,27","","1,79%"
"04.05.2020","3.853,27","3.977,56","3.980,42","3.829,37","","-3,12%"
"30.04.2020","3.977,56","4.014,70","4.017,47","3.943,62","","-0,93%"
"29.04.2020","4.014,70","3.900,92","4.020,21","3.900,92","","2,92%"
"28.04.2020","3.900,92","3.810,89","3.925,36","3.810,89","","2,34%"
"27.04.2020","3.811,71","3.679,67","3.811,73","3.679,67","","3,59%"
"24.04.2020","3.679,67","3.748,49","3.754,16","3.679,28","","-1,84%"
"23.04.2020","3.748,49","3.678,50","3.748,84","3.678,50","","1,90%"
"22.04.2020","3.678,50","3.652,87","3.716,16","3.652,87","","0,70%"
"21.04.2020","3.652,87","3.748,31","3.748,31","3.645,38","","-2,55%"
"20.04.2020","3.748,31","3.819,61","3.822,83","3.748,24","","-1,87%"
"17.04.2020","3.819,61","3.802,47","3.899,89","3.802,47","","0,45%"
"16.04.2020","3.802,47","3.854,71","3.868,87","3.784,70","","-1,36%"
"15.04.2020","3.854,71","3.919,91","3.924,13","3.838,18","","-1,66%"
"14.04.2020","3.919,91","3.859,16","3.930,67","3.859,16","","1,57%"
"13.04.2020","3.859,16","3.822,18","3.859,84","3.758,03","","0,97%"
"09.04.2020","3.822,18","3.759,76","3.860,98","3.759,76","","1,66%"
"08.04.2020","3.759,76","3.711,66","3.788,07","3.711,59","","1,30%"
"07.04.2020","3.711,66","3.748,47","3.824,01","3.711,05","","-0,98%"
"06.04.2020","3.748,47","3.674,43","3.815,64","3.674,43","","2,02%"
"03.04.2020","3.674,43","3.559,25","3.695,11","3.559,25","","3,24%"
"02.04.2020","3.559,25","3.421,39","3.609,08","3.421,39","","4,03%"
"01.04.2020","3.421,39","3.487,49","3.487,49","3.343,62","","-1,90%"
"31.03.2020","3.487,49","3.316,27","3.513,06","3.316,27","","5,16%"
"30.03.2020","3.316,27","3.228,37","3.358,34","3.228,37","","2,72%"
"27.03.2020","3.228,37","3.214,57","3.240,64","3.135,46","","0,43%"
"26.03.2020","3.214,57","3.123,13","3.364,69","3.067,42","","2,93%"
"25.03.2020","3.123,13","2.894,74","3.146,73","2.894,74","","7,89%"
"24.03.2020","2.894,74","2.897,83","3.100,76","2.894,01","","-0,11%"
"23.03.2020","2.897,83","3.077,18","3.128,02","2.896,91","","-5,83%"
"20.03.2020","3.077,18","3.081,43","3.310,93","3.075,96","","-0,14%"
"19.03.2020","3.081,43","2.876,03","3.178,23","2.876,03","","7,14%"
"18.03.2020","2.876,03","3.271,40","3.271,40","2.850,78","","-12,09%"
"17.03.2020","3.271,40","3.232,36","3.395,34","3.219,54","","1,21%"
"16.03.2020","3.232,36","3.763,57","3.765,08","3.224,82","","-14,11%"
"13.03.2020","3.763,57","3.727,60","3.886,33","3.683,47","","0,96%"
"12.03.2020","3.727,60","3.979,67","3.979,67","3.704,09","","-6,33%"
"11.03.2020","3.979,67","4.070,29","4.073,13","3.972,71","","-2,23%"
"10.03.2020","4.070,29","4.035,54","4.168,28","4.035,54","","0,86%"
"09.03.2020","4.035,54","4.229,46","4.229,46","4.035,54","","-4,58%"
"06.03.2020","4.229,46","4.324,09","4.324,09","4.228,82","","-2,19%"
"05.03.2020","4.324,09","4.366,36","4.366,36","4.298,56","","-0,97%"
"04.03.2020","4.366,36","4.289,40","4.368,06","4.289,40","","1,79%"
"03.03.2020","4.289,40","4.283,63","4.368,63","4.282,21","","0,13%"
"02.03.2020","4.283,63","4.122,63","4.286,79","4.121,42","","3,91%"
"28.02.2020","4.122,63","4.263,24","4.263,24","4.122,63","","-3,30%"
"27.02.2020","4.263,24","4.297,70","4.299,74","4.203,91","","-0,80%"
"26.02.2020","4.297,70","4.361,41","4.363,65","4.297,70","","-1,46%"
"25.02.2020","4.361,41","4.430,63","4.439,09","4.361,41","","-1,56%"
"24.02.2020","4.430,63","4.532,62","4.532,62","4.420,64","","-2,25%"
"21.02.2020","4.532,62","4.536,05","4.540,99","4.523,69","","-0,08%"
"20.02.2020","4.536,05","4.519,19","4.550,30","4.503,68","","0,37%"
"19.02.2020","4.519,19","4.543,62","4.568,83","4.494,48","","-0,54%"
"18.02.2020","4.543,62","4.631,33","4.631,80","4.543,39","","-1,89%"
"17.02.2020","4.631,33","4.655,86","4.657,43","4.618,82","","-0,53%"
"14.02.2020","4.655,86","4.659,81","4.670,34","4.627,48","","-0,08%"
"13.02.2020","4.659,81","4.667,90","4.667,90","4.625,90","","-0,17%"
"12.02.2020","4.667,90","4.660,27","4.688,14","4.655,79","","0,16%"
"11.02.2020","4.660,27","4.627,63","4.660,88","4.627,63","","0,71%"
"10.02.2020","4.627,63","4.686,83","4.688,03","4.619,97","","-1,26%"
"07.02.2020","4.686,83","4.699,53","4.705,75","4.658,59","","-0,27%"
"06.02.2020","4.699,53","4.675,28","4.710,61","4.675,28","","0,52%"
"05.02.2020","4.675,28","4.669,25","4.710,08","4.665,86","","0,13%"
"04.02.2020","4.669,25","4.579,45","4.685,89","4.579,45","","1,96%"
"03.02.2020","4.579,45","4.572,06","4.605,01","4.571,08","","0,16%"
"31.01.2020","4.572,06","4.550,91","4.589,34","4.538,99","","0,46%"
"30.01.2020","4.550,91","4.573,85","4.573,85","4.516,97","","-0,50%"
"29.01.2020","4.573,85","4.570,42","4.582,60","4.551,61","","0,08%"
"28.01.2020","4.570,42","4.561,60","4.607,41","4.556,74","","0,19%"
"27.01.2020","4.561,60","4.640,86","4.642,30","4.530,07","","-1,71%"
"24.01.2020","4.640,86","4.652,01","4.694,90","4.634,08","","-0,24%"
"23.01.2020","4.652,01","4.670,02","4.675,98","4.610,56","","-0,39%"
"22.01.2020","4.670,02","4.693,92","4.720,49","4.666,50","","-0,51%"
"21.01.2020","4.693,92","4.816,01","4.816,01","4.693,16","","-2,54%"
"20.01.2020","4.816,01","4.881,32","4.894,43","4.810,51","","-1,34%"
"17.01.2020","4.881,32","4.893,52","4.912,14","4.866,76","","-0,25%"
"16.01.2020","4.893,52","4.883,68","4.893,52","4.866,51","","0,20%"
"15.01.2020","4.883,68","4.922,18","4.924,70","4.847,12","","-0,78%"
"14.01.2020","4.922,18","4.958,79","4.969,83","4.901,41","","-0,74%"
"13.01.2020","4.958,79","4.996,19","5.000,59","4.950,83","","-0,75%"
"10.01.2020","4.996,19","4.898,43","4.996,36","4.889,91","","2,00%"
"09.01.2020","4.898,43","4.909,76","4.914,40","4.862,25","","-0,23%"
"08.01.2020","4.909,76","4.913,36","4.920,98","4.875,29","","-0,07%"
"07.01.2020","4.913,36","4.884,38","4.919,55","4.869,73","","0,59%"
"06.01.2020","4.884,39","4.839,70","4.885,46","4.785,43","","0,92%"
"03.01.2020","4.839,70","4.804,59","4.839,70","4.744,47","","0,73%"
"02.01.2020","4.804,59","4.669,85","4.804,92","4.669,85","","2,89%"
"30.12.2019","4.669,85","4.669,06","4.688,87","4.652,73","","0,02%"
"27.12.2019","4.669,06","4.673,77","4.675,84","4.642,09","","-0,10%"
"26.12.2019","4.673,77","4.714,65","4.728,96","4.656,29","","-0,87%"
"24.12.2019","4.714,65","4.726,10","4.730,54","4.710,15","","-0,24%"
"23.12.2019","4.726,10","4.735,95","4.753,86","4.707,36","","-0,21%"
"20.12.2019","4.735,95","4.752,91","4.767,69","4.729,03","","-0,36%"
"19.12.2019","4.752,91","4.739,00","4.757,71","4.723,29","","0,29%"
"18.12.2019","4.739,00","4.814,68","4.821,64","4.706,27","","-1,57%"
"17.12.2019","4.814,68","4.876,31","4.879,68","4.794,24","","-1,26%"
"16.12.2019","4.876,31","4.884,92","4.904,18","4.873,57","","-0,18%"
"13.12.2019","4.884,92","4.815,27","4.908,11","4.815,27","","1,45%"
"12.12.2019","4.815,27","4.784,73","4.821,50","4.783,51","","0,64%"
"11.12.2019","4.784,73","4.759,73","4.813,93","4.759,73","","0,53%"
"10.12.2019","4.759,73","4.748,20","4.773,62","4.739,61","","0,24%"
"09.12.2019","4.748,20","4.723,80","4.753,33","4.711,51","","0,52%"
"06.12.2019","4.723,80","4.735,10","4.758,39","4.717,90","","-0,24%"
"05.12.2019","4.735,10","4.644,98","4.751,60","4.644,98","","1,94%"
"04.12.2019","4.644,98","4.492,92","4.644,98","4.492,92","","3,38%"
"03.12.2019","4.492,92","4.501,58","4.512,05","4.468,30","","-0,19%"
"02.12.2019","4.501,58","4.538,80","4.553,04","4.499,70","","-0,82%"
"29.11.2019","4.538,80","4.518,68","4.600,75","4.497,56","","0,45%"
"28.11.2019","4.518,68","4.596,44","4.599,36","4.493,69","","-1,69%"
"27.11.2019","4.596,44","4.563,00","4.613,05","4.559,78","","0,73%"
"26.11.2019","4.563,00","4.651,65","4.672,18","4.547,94","","-1,91%"
"25.11.2019","4.651,65","4.729,90","4.729,90","4.649,70","","-1,65%"
"22.11.2019","4.729,90","4.744,30","4.752,99","4.691,15","","-0,30%"
"21.11.2019","4.744,30","4.786,12","4.790,43","4.734,95","","-0,87%"
"20.11.2019","4.786,12","4.791,88","4.817,03","4.743,84","","-0,12%"
"19.11.2019","4.791,88","4.814,17","4.817,73","4.749,79","","-0,46%"
"18.11.2019","4.814,17","4.861,44","4.891,27","4.777,53","","-0,97%"
"15.11.2019","4.861,44","4.498,52","4.863,23","4.498,52","","8,07%"
"14.11.2019","4.498,52","4.412,25","4.505,82","4.411,90","","1,96%"
"13.11.2019","4.412,25","4.544,20","4.546,93","4.408,17","","-2,90%"
"12.11.2019","4.544,20","4.619,59","4.619,96","4.425,29","","-1,63%"
"11.11.2019","4.619,59","4.690,88","4.690,88","4.596,30","","-1,52%"
"08.11.2019","4.690,88","4.672,77","4.704,03","4.654,59","","0,39%"
"07.11.2019","4.672,77","4.599,38","4.672,78","4.597,05","","1,60%"
"06.11.2019","4.599,38","4.730,12","4.732,09","4.566,30","","-2,76%"
"05.11.2019","4.730,12","4.801,56","4.801,57","4.686,11","","-1,49%"
"04.11.2019","4.801,56","4.744,13","4.836,45","4.744,13","","1,21%"
"30.10.2019","4.744,13","4.880,87","4.881,01","4.699,61","","-2,80%"
"29.10.2019","4.880,87","4.962,34","4.963,38","4.852,22","","-1,64%"
"28.10.2019","4.962,34","4.943,85","4.972,95","4.942,84","","0,37%"
"25.10.2019","4.943,85","5.014,95","5.014,95","4.942,69","","-1,42%"
"24.10.2019","5.014,95","4.910,54","5.014,95","4.853,51","","2,13%"
"23.10.2019","4.910,54","4.992,77","5.005,60","4.896,75","","-1,65%"
"22.10.2019","4.992,77","4.953,20","5.018,91","4.925,86","","0,80%"
"21.10.2019","4.953,20","5.192,39","5.194,01","4.920,75","","-4,61%"
"18.10.2019","5.192,39","5.172,31","5.192,39","5.167,04","","0,39%"
"17.10.2019","5.172,31","5.150,11","5.180,53","5.143,16","","0,43%"
"16.10.2019","5.150,11","5.157,50","5.157,50","5.125,05","","-0,14%"
"15.10.2019","5.157,50","5.131,57","5.157,50","5.127,22","","0,51%"
"14.10.2019","5.131,57","5.136,60","5.146,64","5.119,96","","-0,10%"
"11.10.2019","5.136,60","5.056,11","5.136,60","5.056,11","","1,59%"
"10.10.2019","5.056,11","5.032,56","5.062,25","5.028,96","","0,47%"
"09.10.2019","5.032,56","5.041,19","5.061,87","5.028,60","","-0,17%"
"08.10.2019","5.041,19","5.050,95","5.050,95","5.020,46","","-0,19%"
"07.10.2019","5.050,95","5.040,20","5.051,36","5.027,19","","0,21%"
"04.10.2019","5.040,20","5.000,77","5.044,18","5.000,77","","0,79%"
"03.10.2019","5.000,77","5.021,67","5.025,26","4.983,82","","-0,42%"
"02.10.2019","5.021,67","5.042,61","5.046,11","5.007,77","","-0,42%"
"01.10.2019","5.042,61","5.059,04","5.063,36","5.028,11","","-0,32%"
"30.09.2019","5.059,04","5.099,64","5.121,34","5.037,75","","-0,80%"
"27.09.2019","5.099,64","5.026,19","5.152,30","5.026,19","","1,46%"
"26.09.2019","5.026,19","5.006,24","5.026,19","5.003,71","","0,40%"
"25.09.2019","5.006,24","5.000,64","5.006,24","4.954,54","","0,11%"
"24.09.2019","5.000,64","5.025,21","5.041,30","4.988,29","","-0,49%"
"23.09.2019","5.025,21","5.072,93","5.078,87","5.020,35","","-0,94%"
"17.09.2019","5.072,93","5.069,68","5.072,93","5.028,57","","0,06%"
"16.09.2019","5.069,68","5.004,44","5.069,68","4.985,30","","1,30%"
"13.09.2019","5.004,44","4.974,79","5.008,70","4.962,15","","0,60%"
"12.09.2019","4.974,80","4.957,00","4.975,85","4.939,32","","0,36%"
"11.09.2019","4.957,00","4.880,27","4.957,00","4.858,89","","1,57%"
"10.09.2019","4.880,27","4.860,63","4.880,60","4.844,89","","0,40%"
"09.09.2019","4.860,63","4.823,57","4.865,53","4.820,61","","0,80%"
"06.09.2019","4.822,26","4.817,83","4.838,15","4.811,08","","0,09%"
"05.09.2019","4.817,83","4.757,44","4.822,96","4.757,44","","1,27%"
"04.09.2019","4.757,24","4.713,35","4.759,92","4.713,35","","0,75%"
"03.09.2019","4.721,78","4.772,20","4.772,20","4.718,29","","-1,09%"
"02.09.2019","4.773,74","4.804,37","4.804,80","4.764,81","","-0,64%"
"30.08.2019","4.804,37","4.692,20","4.804,58","4.683,88","","2,39%"
"29.08.2019","4.692,20","4.609,64","4.692,59","4.609,64","","1,79%"
"28.08.2019","4.609,64","4.604,96","4.619,68","4.589,45","","0,10%"
"27.08.2019","4.604,96","4.616,64","4.664,20","4.604,68","","-0,25%"
"26.08.2019","4.616,64","4.648,62","4.675,60","4.594,51","","-0,69%"
"23.08.2019","4.648,62","4.738,97","4.739,75","4.644,78","","-1,91%"
"22.08.2019","4.738,97","4.784,49","4.790,82","4.729,42","","-0,95%"
"21.08.2019","4.784,49","4.777,04","4.805,87","4.777,04","","0,16%"
"20.08.2019","4.777,04","4.787,01","4.798,92","4.770,41","","-0,21%"
"19.08.2019","4.787,01","4.798,52","4.830,59","4.787,01","","-0,24%"
"16.08.2019","4.798,52","4.781,03","4.808,76","4.771,91","","0,37%"
"14.08.2019","4.781,03","4.845,60","4.848,06","4.781,03","","-1,33%"
"13.08.2019","4.845,60","4.827,53","4.873,70","4.820,97","","0,37%"
"12.08.2019","4.827,53","4.913,10","4.913,10","4.802,81","","-1,74%"
"09.08.2019","4.913,10","4.910,08","4.941,33","4.891,42","","0,05%"
"08.08.2019","4.910,58","4.811,07","4.913,05","4.811,07","","2,07%"
"07.08.2019","4.811,07","4.777,87","4.826,45","4.763,22","","0,69%"
"06.08.2019","4.777,87","4.780,39","4.837,25","4.777,87","","-0,05%"
"05.08.2019","4.780,39","4.885,29","4.885,29","4.758,58","","-2,15%"
"02.08.2019","4.885,29","4.940,81","4.940,81","4.872,05","","-1,12%"
"01.08.2019","4.940,81","4.972,36","4.990,99","4.940,40","","-0,63%"
"31.07.2019","4.972,36","5.001,10","5.008,56","4.972,11","","-0,57%"
"30.07.2019","5.001,10","5.000,71","5.008,67","4.986,69","","0,01%"
"29.07.2019","5.000,71","4.981,09","5.001,74","4.980,34","","0,39%"
"26.07.2019","4.981,09","4.992,75","5.018,57","4.974,62","","-0,23%"
"25.07.2019","4.992,75","4.969,33","4.993,40","4.962,73","","0,47%"
"24.07.2019","4.969,33","4.997,63","4.998,95","4.966,32","","-0,57%"
"23.07.2019","4.997,63","5.032,09","5.041,20","4.991,67","","-0,68%"
"22.07.2019","5.032,09","5.052,72","5.063,89","5.023,13","","-0,41%"
"19.07.2019","5.052,72","5.041,08","5.059,69","5.027,28","","0,23%"
"18.07.2019","5.041,09","5.050,75","5.057,89","5.035,74","","-0,19%"
"17.07.2019","5.050,75","5.076,43","5.083,16","5.039,63","","-0,51%"
"15.07.2019","5.076,43","5.068,41","5.080,12","5.062,25","","0,16%"
"12.07.2019","5.068,41","5.074,88","5.086,49","5.066,87","","-0,13%"
"11.07.2019","5.074,88","5.073,48","5.090,74","5.068,81","","0,03%"
"10.07.2019","5.073,48","5.054,21","5.074,68","5.046,87","","0,38%"
"09.07.2019","5.054,21","5.066,69","5.074,86","5.036,69","","-0,25%"
"08.07.2019","5.066,69","5.075,73","5.076,79","5.048,07","","-0,18%"
"05.07.2019","5.075,73","5.054,87","5.076,73","5.016,10","","0,41%"
"04.07.2019","5.054,87","5.054,95","5.058,69","5.038,05","","0,00%"
"03.07.2019","5.054,95","5.009,72","5.055,24","5.008,81","","0,90%"
"02.07.2019","5.009,72","5.062,90","5.064,91","5.009,72","","-1,05%"
"01.07.2019","5.062,90","5.070,71","5.099,89","5.062,90","","-0,15%"
"28.06.2019","5.070,71","5.074,03","5.082,00","5.048,96","","-0,07%"
"27.06.2019","5.074,03","5.083,55","5.091,90","5.046,76","","-0,19%"
"26.06.2019","5.083,55","5.098,18","5.098,18","5.075,50","","-0,29%"
"25.06.2019","5.098,18","5.090,65","5.098,44","5.077,19","","0,15%"
"24.06.2019","5.090,65","5.060,00","5.092,48","5.048,05","","0,61%"
"21.06.2019","5.060,00","5.060,72","5.063,98","5.043,56","","-0,01%"
"20.06.2019","5.060,72","5.033,60","5.061,50","5.027,02","","0,54%"
"19.06.2019","5.033,60","5.040,57","5.042,57","5.019,44","","-0,14%"
"18.06.2019","5.040,57","5.024,92","5.058,47","5.024,82","","0,31%"
"17.06.2019","5.024,92","5.058,88","5.060,94","5.024,92","","-0,67%"
"14.06.2019","5.058,88","5.071,76","5.072,83","5.041,52","","-0,25%"
"13.06.2019","5.071,76","5.067,85","5.076,47","5.054,63","","0,08%"
"12.06.2019","5.067,85","5.069,23","5.085,79","5.057,11","","-0,03%"
"11.06.2019","5.069,24","5.018,99","5.093,94","5.018,99","","1,00%"
"10.06.2019","5.018,99","4.951,13","5.019,78","4.951,13","","1,37%"
"07.06.2019","4.951,13","4.926,98","4.968,87","4.922,68","","0,49%"
"06.06.2019","4.926,98","4.957,45","4.967,90","4.920,82","","-0,61%"
"05.06.2019","4.957,45","5.005,38","5.019,41","4.951,55","","-0,96%"
"04.06.2019","5.005,39","5.013,66","5.035,55","5.002,29","","-0,16%"
"03.06.2019","5.013,66","4.977,09","5.019,90","4.974,09","","0,73%"
"31.05.2019","4.977,09","4.934,41","4.987,60","4.904,18","","0,86%"
"30.05.2019","4.934,41","4.876,71","4.942,26","4.872,79","","1,18%"
"29.05.2019","4.876,71","4.798,35","4.877,90","4.798,35","","1,63%"
"28.05.2019","4.798,35","4.850,38","4.863,79","4.798,35","","-1,07%"
"27.05.2019","4.850,38","4.881,47","4.883,26","4.850,29","","-0,64%"
"24.05.2019","4.881,47","4.893,89","4.911,73","4.881,47","","-0,25%"
"23.05.2019","4.893,89","4.920,89","4.920,89","4.873,76","","-0,55%"
"22.05.2019","4.920,89","4.914,48","4.950,66","4.912,53","","0,13%"
"20.05.2019","4.914,48","4.925,58","4.944,58","4.914,48","","-0,23%"
"17.05.2019","4.925,58","4.977,75","4.987,27","4.925,58","","-1,05%"
"16.05.2019","4.977,75","5.005,24","5.016,85","4.977,75","","-0,55%"
"15.05.2019","5.005,24","5.018,93","5.023,27","4.972,47","","-0,27%"
"14.05.2019","5.018,93","4.970,01","5.022,75","4.967,26","","0,98%"
"13.05.2019","4.970,01","5.050,57","5.079,86","4.969,82","","-1,60%"
"10.05.2019","5.050,57","5.045,53","5.073,34","5.008,49","","0,10%"
"09.05.2019","5.045,54","5.060,47","5.069,47","5.016,35","","-0,30%"
"08.05.2019","5.060,47","5.078,64","5.080,31","5.035,74","","-0,36%"
"07.05.2019","5.078,64","5.124,21","5.125,01","5.069,09","","-0,89%"
"06.05.2019","5.124,21","5.132,32","5.143,43","5.086,06","","-0,16%"
"03.05.2019","5.132,32","5.141,58","5.178,80","5.132,32","","-0,18%"
"02.05.2019","5.141,58","5.187,10","5.197,07","5.141,58","","-0,88%"
"30.04.2019","5.187,10","5.169,86","5.187,32","5.155,84","","0,33%"
"29.04.2019","5.169,86","5.191,70","5.191,70","5.167,95","","-0,42%"
"26.04.2019","5.191,70","5.170,42","5.192,98","5.147,20","","0,41%"
"25.04.2019","5.170,42","5.201,44","5.204,89","5.155,13","","-0,60%"
"24.04.2019","5.201,44","5.217,07","5.224,15","5.170,70","","-0,30%"
"23.04.2019","5.217,07","5.234,30","5.238,42","5.197,00","","-0,33%"
"22.04.2019","5.234,30","5.261,71","5.263,80","5.232,96","","-0,52%"
"18.04.2019","5.261,71","5.275,43","5.278,46","5.245,22","","-0,26%"
"17.04.2019","5.275,43","5.261,00","5.279,13","5.258,22","","0,27%"
"16.04.2019","5.261,00","5.232,32","5.261,94","5.227,70","","0,55%"
"15.04.2019","5.232,32","5.239,57","5.255,18","5.228,02","","-0,14%"
"12.04.2019","5.239,57","5.254,87","5.259,40","5.224,76","","-0,28%"
"11.04.2019","5.254,48","5.278,00","5.281,42","5.240,92","","-0,45%"
"10.04.2019","5.278,00","5.281,78","5.285,52","5.265,74","","-0,07%"
"09.04.2019","5.281,78","5.274,72","5.282,15","5.239,79","","0,13%"
"08.04.2019","5.274,72","5.254,94","5.274,72","5.243,63","","0,38%"
"05.04.2019","5.254,94","5.283,70","5.290,31","5.254,94","","-0,54%"
"04.04.2019","5.283,70","5.222,96","5.283,70","5.204,13","","1,16%"
"03.04.2019","5.222,96","5.208,55","5.244,14","5.202,69","","0,28%"
"02.04.2019","5.208,55","5.256,67","5.266,10","5.193,33","","-0,92%"
"01.04.2019","5.256,67","5.259,41","5.287,59","5.255,56","","-0,05%"
"29.03.2019","5.259,41","5.214,02","5.259,41","5.214,02","","0,87%"
"28.03.2019","5.214,02","5.174,14","5.214,02","5.167,33","","0,77%"
"27.03.2019","5.174,14","5.190,89","5.192,92","5.154,59","","-0,32%"
"26.03.2019","5.190,89","5.193,52","5.209,90","5.166,60","","-0,05%"
"25.03.2019","5.193,52","5.209,98","5.224,83","5.155,16","","-0,32%"
"22.03.2019","5.209,98","5.261,33","5.264,54","5.175,93","","-0,98%"
"21.03.2019","5.261,33","5.245,09","5.262,38","5.232,96","","0,31%"
"20.03.2019","5.245,09","5.305,72","5.309,84","5.245,09","","-1,14%"
"19.03.2019","5.305,72","5.324,40","5.339,54","5.303,04","","-0,35%"
"18.03.2019","5.324,40","5.324,12","5.339,83","5.306,38","","0,01%"
"15.03.2019","5.324,12","5.300,79","5.345,32","5.300,79","","0,44%"
"14.03.2019","5.300,79","5.313,49","5.317,97","5.286,63","","-0,24%"
"13.03.2019","5.313,49","5.289,44","5.319,17","5.289,44","","0,45%"
"12.03.2019","5.289,44","5.299,33","5.328,39","5.288,22","","-0,19%"
"11.03.2019","5.299,33","5.274,96","5.329,91","5.273,77","","0,46%"
"08.03.2019","5.274,96","5.256,82","5.285,31","5.213,37","","0,35%"
"07.03.2019","5.256,82","5.256,07","5.267,59","5.236,42","","0,01%"
"06.03.2019","5.256,07","5.229,90","5.260,60","5.229,90","","0,50%"
"05.03.2019","5.229,90","5.240,89","5.255,05","5.227,34","","-0,21%"
"04.03.2019","5.240,89","5.274,66","5.291,91","5.229,58","","-0,64%"
"01.03.2019","5.274,66","5.287,54","5.301,04","5.269,44","","-0,24%"
"28.02.2019","5.287,54","5.372,59","5.372,59","5.280,68","","-1,58%"
"27.02.2019","5.372,59","5.475,54","5.476,20","5.356,58","","-1,88%"
"26.02.2019","5.475,54","5.479,69","5.493,32","5.449,30","","-0,08%"
"25.02.2019","5.479,69","5.483,92","5.515,95","5.477,96","","-0,08%"
"22.02.2019","5.483,92","5.439,12","5.485,09","5.434,45","","0,82%"
"21.02.2019","5.439,12","5.410,50","5.439,21","5.387,44","","0,53%"
"20.02.2019","5.410,50","5.386,31","5.422,75","5.384,99","","0,45%"
"19.02.2019","5.386,31","5.370,29","5.387,37","5.358,52","","0,30%"
"18.02.2019","5.370,29","5.399,83","5.401,47","5.360,10","","-0,55%"
"15.02.2019","5.399,83","5.376,39","5.401,79","5.356,37","","0,44%"
"14.02.2019","5.376,39","5.386,61","5.398,75","5.368,13","","-0,19%"
"13.02.2019","5.386,61","5.384,88","5.398,75","5.376,64","","0,03%"
"12.02.2019","5.384,88","5.375,07","5.384,88","5.358,40","","0,18%"
"11.02.2019","5.375,07","5.379,08","5.398,28","5.363,02","","-0,07%"
"08.02.2019","5.379,09","5.426,94","5.431,13","5.360,37","","-0,88%"
"07.02.2019","5.426,94","5.426,51","5.442,87","5.409,27","","0,01%"
"06.02.2019","5.426,51","5.466,54","5.470,81","5.425,41","","-0,73%"
"05.02.2019","5.466,54","5.472,93","5.479,84","5.461,64","","-0,12%"
"04.02.2019","5.472,93","5.452,97","5.481,08","5.429,30","","0,37%"
"01.02.2019","5.452,97","5.405,61","5.455,36","5.405,61","","0,88%"
"31.01.2019","5.405,61","5.388,34","5.453,09","5.388,31","","0,32%"
"30.01.2019","5.388,34","5.415,76","5.422,51","5.386,60","","-0,51%"
"29.01.2019","5.415,76","5.445,91","5.446,60","5.407,92","","-0,55%"
"28.01.2019","5.445,91","5.441,72","5.446,08","5.376,24","","0,08%"
"25.01.2019","5.441,72","5.414,85","5.442,45","5.407,02","","0,50%"
"24.01.2019","5.414,85","5.402,74","5.415,50","5.385,44","","0,22%"
"23.01.2019","5.402,74","5.401,13","5.418,67","5.369,04","","0,03%"
"22.01.2019","5.401,13","5.456,39","5.456,39","5.344,31","","-1,04%"
"21.01.2019","5.457,80","5.479,04","5.484,18","5.423,01","","-0,39%"
"18.01.2019","5.479,04","5.435,94","5.479,36","5.435,94","","0,79%"
"17.01.2019","5.435,94","5.419,07","5.435,94","5.401,67","","0,31%"
"16.01.2019","5.419,07","5.373,92","5.419,14","5.373,39","","0,84%"
"15.01.2019","5.373,92","5.357,15","5.377,58","5.354,25","","0,31%"
"14.01.2019","5.357,15","5.352,88","5.357,93","5.313,41","","0,08%"
"11.01.2019","5.352,88","5.297,95","5.358,44","5.297,69","","1,04%"
"10.01.2019","5.297,95","5.264,51","5.303,31","5.256,29","","0,64%"
"09.01.2019","5.264,51","5.224,28","5.281,22","5.224,28","","0,77%"
"08.01.2019","5.224,28","5.190,06","5.229,69","5.190,06","","0,66%"
"07.01.2019","5.190,06","5.189,20","5.221,37","5.181,24","","0,02%"
"04.01.2019","5.189,20","5.129,15","5.195,45","5.128,83","","1,17%"
"03.01.2019","5.129,15","5.125,37","5.146,30","5.096,07","","0,07%"
"02.01.2019","5.125,37","5.105,43","5.137,32","5.064,41","","0,39%"